Workbook

Sheet Disaster_DB
A1: Record_ID | B1: Report_Date | C1: Region | D1: Province | E1: Disaster_Type | F1: Affected_Districts_Count | G1: District_Names | H1: Affected_Subdistricts_Count | I1: Affected_Villages_Count | J1: Affected_Households | K1: Casualties_Deaths | L1: Water_Level_Trend | M1: Current_Status | N1: Remarks | O1: Ingested_At | P1: Source_URL
A2: 2026-10-02_พิษณุโลก_อุทกภัย | B2: 46297 | C2: ภาคเหนือ | D2: พิษณุโลก | E2: อุทกภัย | F2: 1 | G2: อ.บางระกำ | H2: 2 | I2: 2 | J2: 3 | K2: - | L2: ลดลง | M2: กำลังประสบภัย | N2: ปภ. รายงาน 549/2569 วันที่ 2 ต.ค. 2569 เวลา 06.00 น. ตารางหน้า 1; บาดเจ็บ: -; สูญหาย: -; คงเครื่องหมาย - และช่องว่างตามต้นฉบับ ปภ. | O2: 46297.413 | P2: https://direct.disaster.go.th/directing/home
A3: 2026-10-02_เพชรบูรณ์_อุทกภัย | B3: 46297 | C3: ภาคเหนือ | D3: เพชรบูรณ์ | E3: อุทกภัย | F3: 6 | G3: อ.เมืองฯ อ.ชนแดน อ.บึงสามพัน อ.วิเชียรบุรี อ.ศรีเทพ อ.หนองไผ่ | H3: 9 | I3: 19 | J3: 82 | K3: - | L3: ลดลง | M3: กำลังประสบภัย | N3: ปภ. รายงาน 549/2569 วันที่ 2 ต.ค. 2569 เวลา 06.00 น. ตารางหน้า 1; บาดเจ็บ: -; สูญหาย: -; คงเครื่องหมาย - และช่องว่างตามต้นฉบับ ปภ. | O3: 46297.413 | P3: https://direct.disaster.go.th/directing/home
A4: 2026-10-02_กำแพงเพชร_อุทกภัย | B4: 46297 | C4: ภาคเหนือ | D4: กำแพงเพชร | E4: อุทกภัย | F4: 2 | G4: อ.ขาณุวรลักษบุรี อ.คลองขลุง | H4: 21 | I4: 191 | J4: 3128 | K4: - | L4: ลดลง | M4: กำลังประสบภัย | N4: ปภ. รายงาน 549/2569 วันที่ 2 ต.ค. 2569 เวลา 06.00 น. ตารางหน้า 2; บาดเจ็บ: -; สูญหาย: -; คงเครื่องหมาย - และช่องว่างตามต้นฉบับ ปภ. | O4: 46297.413 | P4: https://direct.disaster.go.th/directing/home
A5: 2026-10-02_นครสวรรค์_อุทกภัย | B5: 46297 | C5: ภาคเหนือ | D5: นครสวรรค์ | E5: อุทกภัย | F5: 14 | G5: อ.พยุหะคีรี อ.แม่วงก์ อ.ตาคลี อ.ไพศาลี อ.ลาดยาว อ.บรรพตพิสัย อ.เก้าเลี้ยว อ.เมืองฯ อ.ชุมแสง อ.ท่าตะโก อ.ตากฟ้า อ.โกรกพระ อ.ชุมตาบง อ.หนองบัว | H5: 85 | I5: 501 | J5: 11928 | K5: - | L5: เพิ่มขึ้น | M5: กำลังประสบภัย | N5: ปภ. รายงาน 549/2569 วันที่ 2 ต.ค. 2569 เวลา 06.00 น. ตารางหน้า 2; บาดเจ็บ: -; สูญหาย: -; คงเครื่องหมาย - และช่องว่างตามต้นฉบับ ปภ. | O5: 46297.413 | P5: https://direct.disaster.go.th/directing/home
A6: 2026-10-02_อุทัยธานี_อุทกภัย | B6: 46297 | C6: ภาคกลาง | D6: อุทัยธานี | E6: อุทกภัย | F6: 8 | G6: อ.หนองฉาง อ.ห้วยคต อ.สว่างอารมณ์ อ.หนองขาหย่าง อ.บ้านไร่ อ.ลานสัก อ.เมืองฯ อ.ทัพทัน | H6: 56 | I6: 413 | J6: 4785 | K6: - | L6: เพิ่มขึ้น | M6: กำลังประสบภัย | N6: ปภ. รายงาน 549/2569 วันที่ 2 ต.ค. 2569 เวลา 06.00 น. ตารางหน้า 2; บาดเจ็บ: -; สูญหาย: -; คงเครื่องหมาย - และช่องว่างตามต้นฉบับ ปภ. | O6: 46297.413 | P6: https://direct.disaster.go.th/directing/home
A7: 2026-10-02_ลพบุรี_อุทกภัย | B7: 46297 | C7: ภาคกลาง | D7: ลพบุรี | E7: อุทกภัย | F7: 5 | G7: อ.เมืองฯ อ.ท่าหลวง อ.พัฒนานิคม อ.โคกสำโรง อ.บ้านหมี่ | H7: 23 | I7: 84 | J7: 1657 | K7: - | L7: เพิ่มขึ้น | M7: กำลังประสบภัย | N7: ปภ. รายงาน 549/2569 วันที่ 2 ต.ค. 2569 เวลา 06.00 น. ตารางหน้า 2; บาดเจ็บ: -; สูญหาย: -; คงเครื่องหมาย - และช่องว่างตามต้นฉบับ ปภ. | O7: 46297.413 | P7: https://direct.disaster.go.th/directing/home
A8: 2026-10-02_ชัยนาท_อุทกภัย | B8: 46297 | C8: ภาคกลาง | D8: ชัยนาท | E8: อุทกภัย | F8: 7 | G8: อ.เมืองฯ อ.วัดสิงห์ อ.มโนรมย์ อ.สรรพยา อ.หันคา อ.หนองมะโมง อ.สรรคบุรี | H8: 38 | I8: 168 | J8: 1581 | K8: - | L8: เพิ่มขึ้น | M8: กำลังประสบภัย | N8: ปภ. รายงาน 549/2569 วันที่ 2 ต.ค. 2569 เวลา 06.00 น. ตารางหน้า 2; บาดเจ็บ: -; สูญหาย: -; คงเครื่องหมาย - และช่องว่างตามต้นฉบับ ปภ. | O8: 46297.413 | P8: https://direct.disaster.go.th/directing/home
A9: 2026-10-02_สิงห์บุรี_อุทกภัย | B9: 46297 | C9: ภาคกลาง | D9: สิงห์บุรี | E9: อุทกภัย | F9: 3 | G9: อ.อินทร์บุรี อ.พรหมบุรี อ.เมืองฯ | H9: 3 | I9: 11 | J9: 974 | K9: - | L9: เพิ่มขึ้น | M9: กำลังประสบภัย | N9: ปภ. รายงาน 549/2569 วันที่ 2 ต.ค. 2569 เวลา 06.00 น. ตารางหน้า 2; บาดเจ็บ: -; สูญหาย: -; คงเครื่องหมาย - และช่องว่างตามต้นฉบับ ปภ. | O9: 46297.413 | P9: https://direct.disaster.go.th/directing/home
A10: 2026-10-02_สุพรรณบุรี_อุทกภัย | B10: 46297 | C10: ภาคกลาง | D10: สุพรรณบุรี | E10: อุทกภัย | F10: 9 | G10: อ.บางปลาม้า อ.สองพี่น้อง อ.ดอนเจดีย์ อ.ศรีประจันต์ อ.เมืองฯ อ.สามชุก อ.เดิมบางนางบวช อ.อู่ทอง อ.ด่านช้าง | H10: 92 | I10: 667 | J10: 18987 | K10: - | L10: เพิ่มขึ้น | M10: กำลังประสบภัย | N10: ปภ. รายงาน 549/2569 วันที่ 2 ต.ค. 2569 เวลา 06.00 น. ตารางหน้า 2; บาดเจ็บ: -; สูญหาย: -; คงเครื่องหมาย - และช่องว่างตามต้นฉบับ ปภ. | O10: 46297.413 | P10: https://direct.disaster.go.th/directing/home
A11: 2026-10-02_กาญจนบุรี_อุทกภัย | B11: 46297 | C11: ภาคกลาง | D11: กาญจนบุรี | E11: อุทกภัย | F11: 13 | G11: อ.ไทรโยค อ.เลาขวัญ อ.ห้วยกระเจา อ.หนองปรือ อ.พนมทวน อ.ด่านมะขามเตี้ย อ.ท่าม่วง อ.ท่ามะกา อ.บ่อพลอย อ.ศรีสวัสดิ์ อ.ทองผาภูมิ อ.เมืองฯ อ.สังขละบุรี | H11: 90 | I11: 884 | J11: 9635 | K11: 2 | L11: เพิ่มขึ้น | M11: กำลังประสบภัย | N11: ปภ. รายงาน 549/2569 วันที่ 2 ต.ค. 2569 เวลา 06.00 น. ตารางหน้า 3; บาดเจ็บ: -; สูญหาย: -; คงเครื่องหมาย - และช่องว่างตามต้นฉบับ ปภ. | O11: 46297.413 | P11: https://direct.disaster.go.th/directing/home
A12: 2026-10-02_อ่างทอง_อุทกภัย | B12: 46297 | C12: ภาคกลาง | D12: อ่างทอง | E12: อุทกภัย | F12: 5 | G12: อ.ป่าโมก อ.ไชโย อ.วิเศษชัยชาญ อ.เมืองฯ อ.สามโก้ | H12: 33 | I12: 146 | J12: 2009 | K12: - | L12: เพิ่มขึ้น | M12: กำลังประสบภัย | N12: ปภ. รายงาน 549/2569 วันที่ 2 ต.ค. 2569 เวลา 06.00 น. ตารางหน้า 3; บาดเจ็บ: -; สูญหาย: -; คงเครื่องหมาย - และช่องว่างตามต้นฉบับ ปภ. | O12: 46297.413 | P12: https://direct.disaster.go.th/directing/home
A13: 2026-10-02_สระบุรี_อุทกภัย | B13: 46297 | C13: ภาคกลาง | D13: สระบุรี | E13: อุทกภัย | F13: 13 | G13: อ.หนองแซง อ.มวกเหล็ก อ.เมืองฯ อ.วังม่วง อ.แก่งคอย อ.หนองแค อ.พระพุทธบาท อ.หนองโดน อ.วิหารแดง อ.บ้านหม้อ อ.ดอนพุด อ.เสาไห้ อ.เฉลิมพระเกียรติ | H13: 87 | I13: 566 | J13: 5393 | K13: 1 | L13: ลดลง | M13: กำลังประสบภัย | N13: ปภ. รายงาน 549/2569 วันที่ 2 ต.ค. 2569 เวลา 06.00 น. ตารางหน้า 3; บาดเจ็บ: -; สูญหาย: -; คงเครื่องหมาย - และช่องว่างตามต้นฉบับ ปภ. | O13: 46297.413 | P13: https://direct.disaster.go.th/directing/home
A14: 2026-10-02_พระนครศรีอยุธยา_อุทกภัย | B14: 46297 | C14: ภาคกลาง | D14: พระนครศรีอยุธยา | E14: อุทกภัย | F14: 13 | G14: อ.เสนา อ.บางบาล อ.ผักไห่ อ.บางไทร อ.พระนครศรีอยุธยา อ.บางปะอิน อ.บางปะหัน อ.ลาดบัวหลวง อ.นครหลวง อ.วังน้อย อ.อุทัย อ.ท่าเรือ อ.ภาชี | H14: 169 | I14: 1104 | J14: 44865 | K14: 1 | L14: เพิ่มขึ้น | M14: กำลังประสบภัย | N14: ปภ. รายงาน 549/2569 วันที่ 2 ต.ค. 2569 เวลา 06.00 น. ตารางหน้า 3; บาดเจ็บ: -; สูญหาย: -; คงเครื่องหมาย - และช่องว่างตามต้นฉบับ ปภ. | O14: 46297.413 | P14: https://direct.disaster.go.th/directing/home
A15: 2026-10-02_สมุทรปราการ_อุทกภัย | B15: 46297 | C15: ภาคกลาง | D15: สมุทรปราการ | E15: อุทกภัย | F15: 6 | G15: อ.บางเสาธง อ.บางบ่อ อ.บางพลี อ.เมืองฯ อ.พระประแดง อ.พระสมุทรเจดีย์ | H15: 38 | I15: 382 | J15: 307704 | K15: 8 | L15: เพิ่มขึ้น | M15: กำลังประสบภัย | N15: ปภ. รายงาน 549/2569 วันที่ 2 ต.ค. 2569 เวลา 06.00 น. ตารางหน้า 4; บาดเจ็บ: -; สูญหาย: -; คงเครื่องหมาย - และช่องว่างตามต้นฉบับ ปภ. | O15: 46297.413 | P15: https://direct.disaster.go.th/directing/home
A16: 2026-10-02_ปทุมธานี_อุทกภัย | B16: 46297 | C16: ภาคกลาง | D16: ปทุมธานี | E16: อุทกภัย | F16: 7 | G16: อ.ธัญบุรี อ.เมืองฯ อ.สามโคก อ.คลองหลวง อ.ลำลูกกา อ.หนองเสือ อ.ลาดหลุมแก้ว | H16: 29 | I16: 510 | J16: 182290 | K16: - | L16: เพิ่มขึ้น | M16: กำลังประสบภัย | N16: ปภ. รายงาน 549/2569 วันที่ 2 ต.ค. 2569 เวลา 06.00 น. ตารางหน้า 4; บาดเจ็บ: -; สูญหาย: -; คงเครื่องหมาย - และช่องว่างตามต้นฉบับ ปภ. | O16: 46297.413 | P16: https://direct.disaster.go.th/directing/home
A17: 2026-10-02_นนทบุรี_อุทกภัย | B17: 46297 | C17: ภาคกลาง | D17: นนทบุรี | E17: อุทกภัย | F17: 3 | G17: อ.เมืองฯ อ.บางกรวย อ.ปากเกร็ด | H17: 3 | I17: 3 | J17: - | K17: - | L17: เพิ่มขึ้น | M17: กำลังประสบภัย | N17: ปภ. รายงาน 549/2569 วันที่ 2 ต.ค. 2569 เวลา 06.00 น. ตารางหน้า 4; บาดเจ็บ: -; สูญหาย: -; คงเครื่องหมาย - และช่องว่างตามต้นฉบับ ปภ. | O17: 46297.413 | P17: https://direct.disaster.go.th/directing/home
A18: 2026-10-02_นครปฐม_อุทกภัย | B18: 46297 | C18: ภาคกลาง | D18: นครปฐม | E18: อุทกภัย | F18: 7 | G18: อ.เมืองฯ อ.กำแพงแสน อ.นครชัยศรี อ.พุทธมณฑล อ.สามพราน อ.บางเลน อ.ดอนตูม | H18: 105 | I18: 793 | J18: 43687 | K18: - | L18: เพิ่มขึ้น | M18: กำลังประสบภัย | N18: ปภ. รายงาน 549/2569 วันที่ 2 ต.ค. 2569 เวลา 06.00 น. ตารางหน้า 4; บาดเจ็บ: -; สูญหาย: -; คงเครื่องหมาย - และช่องว่างตามต้นฉบับ ปภ. | O18: 46297.413 | P18: https://direct.disaster.go.th/directing/home
A19: 2026-10-02_ราชบุรี_อุทกภัย | B19: 46297 | C19: ภาคกลาง | D19: ราชบุรี | E19: อุทกภัย | F19: 7 | G19: อ.โพธาราม อ.บางแพ อ.เมืองฯ อ.ดำเนินสะดวก อ.บ้านโป่ง อ.วัดเพลง อ.จอมบึง | H19: 42 | I19: 178 | J19: 3663 | K19: - | L19: เพิ่มขึ้น | M19: กำลังประสบภัย | N19: ปภ. รายงาน 549/2569 วันที่ 2 ต.ค. 2569 เวลา 06.00 น. ตารางหน้า 4; บาดเจ็บ: -; สูญหาย: -; คงเครื่องหมาย - และช่องว่างตามต้นฉบับ ปภ. | O19: 46297.413 | P19: https://direct.disaster.go.th/directing/home
A20: 2026-10-02_เพชรบุรี_อุทกภัย | B20: 46297 | C20: ภาคกลาง | D20: เพชรบุรี | E20: อุทกภัย | F20: 1 | G20: อ.แก่งกระจาน | H20: 2 | I20: 3 | J20: 6 | K20: - | L20: เพิ่มขึ้น | M20: กำลังประสบภัย | N20: ปภ. รายงาน 549/2569 วันที่ 2 ต.ค. 2569 เวลา 06.00 น. ตารางหน้า 4; บาดเจ็บ: -; สูญหาย: -; คงเครื่องหมาย - และช่องว่างตามต้นฉบับ ปภ. | O20: 46297.413 | P20: https://direct.disaster.go.th/directing/home
A21: 2026-10-02_นครนายก_อุทกภัย | B21: 46297 | C21: ภาคตะวันออก | D21: นครนายก | E21: อุทกภัย | F21: 4 | G21: อ.ปากพลี อ.เมืองฯ อ.บ้านนา อ.องครักษ์ | H21: 41 | I21: 416 | J21: 49018 | K21: - | L21: เพิ่มขึ้น | M21: กำลังประสบภัย | N21: ปภ. รายงาน 549/2569 วันที่ 2 ต.ค. 2569 เวลา 06.00 น. ตารางหน้า 4; บาดเจ็บ: -; สูญหาย: -; คงเครื่องหมาย - และช่องว่างตามต้นฉบับ ปภ. | O21: 46297.413 | P21: https://direct.disaster.go.th/directing/home
A22: 2026-10-02_ปราจีนบุรี_อุทกภัย | B22: 46297 | C22: ภาคตะวันออก | D22: ปราจีนบุรี | E22: อุทกภัย | F22: 7 | G22: อ.กบินทร์บุรี อ.นาดี อ.ศรีมหาโพธิ อ.เมืองฯ อ.ประจันตคาม อ.บ้านสร้าง อ.ศรีมโหสถ | H22: 61 | I22: 625 | J22: 39977 | K22: - | L22: เพิ่มขึ้น | M22: กำลังประสบภัย | N22: ปภ. รายงาน 549/2569 วันที่ 2 ต.ค. 2569 เวลา 06.00 น. ตารางหน้า 4; บาดเจ็บ: -; สูญหาย: -; คงเครื่องหมาย - และช่องว่างตามต้นฉบับ ปภ. | O22: 46297.413 | P22: https://direct.disaster.go.th/directing/home
A23: 2026-10-02_ฉะเชิงเทรา_อุทกภัย | B23: 46297 | C23: ภาคตะวันออก | D23: ฉะเชิงเทรา | E23: อุทกภัย | F23: 11 | G23: อ.บางน้ำเปรี้ยว อ.พนมสารคาม อ.บางคล้า อ.แปลงยาว อ.ท่าตะเกียบ อ.สนามชัยเขต อ.เมืองฯ อ.บ้านโพธิ์ อ.บางปะกง อ.คลองเขื่อน อ.ราชสาส์น | H23: 89 | I23: 736 | J23: 47959 | K23: - | L23: เพิ่มขึ้น | M23: กำลังประสบภัย | N23: ปภ. รายงาน 549/2569 วันที่ 2 ต.ค. 2569 เวลา 06.00 น. ตารางหน้า 5; บาดเจ็บ: -; สูญหาย: -; คงเครื่องหมาย - และช่องว่างตามต้นฉบับ ปภ. | O23: 46297.413 | P23: https://direct.disaster.go.th/directing/home
A24: 2026-10-02_สระแก้ว_อุทกภัย | B24: 46297 | C24: ภาคตะวันออก | D24: สระแก้ว | E24: อุทกภัย | F24: 2 | G24: อ.อรัญประเทศ อ.เมืองฯ | H24: 4 | I24: 33 | J24: 4373 | K24: 6 | L24: ลดลง | M24: กำลังประสบภัย | N24: ปภ. รายงาน 549/2569 วันที่ 2 ต.ค. 2569 เวลา 06.00 น. ตารางหน้า 5; บาดเจ็บ: -; สูญหาย: -; คงเครื่องหมาย - และช่องว่างตามต้นฉบับ ปภ. | O24: 46297.413 | P24: https://direct.disaster.go.th/directing/home
A25: 2026-10-02_ชลบุรี_อุทกภัย | B25: 46297 | C25: ภาคตะวันออก | D25: ชลบุรี | E25: อุทกภัย | F25: 10 | G25: อ.เมืองฯ อ.สัตหีบ อ.พนัสนิคม อ.ศรีราชา อ.บางละมุง อ.บ้านบึง อ.หนองใหญ่ อ.เกาะจันทร์ อ.พานทอง อ.บ่อทอง | H25: 78 | I25: 354 | J25: 118723 | K25: - | L25: เพิ่มขึ้น | M25: กำลังประสบภัย | N25: ปภ. รายงาน 549/2569 วันที่ 2 ต.ค. 2569 เวลา 06.00 น. ตารางหน้า 5; บาดเจ็บ: -; สูญหาย: -; คงเครื่องหมาย - และช่องว่างตามต้นฉบับ ปภ. | O25: 46297.413 | P25: https://direct.disaster.go.th/directing/home
A26: 2026-10-02_ระยอง_อุทกภัย | B26: 46297 | C26: ภาคตะวันออก | D26: ระยอง | E26: อุทกภัย | F26: 2 | G26: อ.เมืองฯ อ.แกลง | H26: 9 | I26: 73 | J26: 1760 | K26: - | L26: ทรงตัว | M26: กำลังประสบภัย | N26: ปภ. รายงาน 549/2569 วันที่ 2 ต.ค. 2569 เวลา 06.00 น. ตารางหน้า 5; บาดเจ็บ: -; สูญหาย: -; คงเครื่องหมาย - และช่องว่างตามต้นฉบับ ปภ. | O26: 46297.413 | P26: https://direct.disaster.go.th/directing/home
A27: 2026-10-02_จันทบุรี_อุทกภัย | B27: 46297 | C27: ภาคตะวันออก | D27: จันทบุรี | E27: อุทกภัย | F27: 2 | G27: อ.นายายอาม อ.ท่าใหม่ | H27: 10 | I27: 55 | J27: 7460 | K27: 2 | L27: ลดลง | M27: กำลังประสบภัย | N27: ปภ. รายงาน 549/2569 วันที่ 2 ต.ค. 2569 เวลา 06.00 น. ตารางหน้า 5; บาดเจ็บ: -; สูญหาย: -; คงเครื่องหมาย - และช่องว่างตามต้นฉบับ ปภ. | O27: 46297.413 | P27: https://direct.disaster.go.th/directing/home
A28: 2026-10-02_ตราด_อุทกภัย | B28: 46297 | C28: ภาคตะวันออก | D28: ตราด | E28: อุทกภัย | F28: 3 | G28: อ.บ่อไร่ อ.เขาสมิง อ.เมืองฯ | H28: 17 | I28: 138 | J28: 1310 | K28: - | L28: ลดลง | M28: กำลังประสบภัย | N28: ปภ. รายงาน 549/2569 วันที่ 2 ต.ค. 2569 เวลา 06.00 น. ตารางหน้า 5; บาดเจ็บ: -; สูญหาย: -; คงเครื่องหมาย - และช่องว่างตามต้นฉบับ ปภ. | O28: 46297.413 | P28: https://direct.disaster.go.th/directing/home
A29: 2026-10-02_บุรีรัมย์_อุทกภัย | B29: 46297 | C29: ภาคตะวันออกเฉียงเหนือ | D29: บุรีรัมย์ | E29: อุทกภัย | F29: 2 | G29: อ.นางรอง อ.ประโคนชัย | H29: 23 | I29: 199 | J29: 3164 | K29: - | L29: ลดลง | M29: กำลังประสบภัย | N29: ปภ. รายงาน 549/2569 วันที่ 2 ต.ค. 2569 เวลา 06.00 น. ตารางหน้า 5; บาดเจ็บ: -; สูญหาย: -; คงเครื่องหมาย - และช่องว่างตามต้นฉบับ ปภ. | O29: 46297.413 | P29: https://direct.disaster.go.th/directing/home
A30: 2026-10-02_ชัยภูมิ_อุทกภัย | B30: 46297 | C30: ภาคตะวันออกเฉียงเหนือ | D30: ชัยภูมิ | E30: อุทกภัย | F30: 2 | G30: อ.บำเหน็จณรงค์ อ.จัตุรัส | H30: 5 | I30: 8 | J30: 17 | K30: - | L30: ลดลง | M30: กำลังประสบภัย | N30: ปภ. รายงาน 549/2569 วันที่ 2 ต.ค. 2569 เวลา 06.00 น. ตารางหน้า 5; บาดเจ็บ: -; สูญหาย: -; คงเครื่องหมาย - และช่องว่างตามต้นฉบับ ปภ. | O30: 46297.413 | P30: https://direct.disaster.go.th/directing/home
A31: 2026-10-02_สุรินทร์_อุทกภัย | B31: 46297 | C31: ภาคตะวันออกเฉียงเหนือ | D31: สุรินทร์ | E31: อุทกภัย | F31: 2 | G31: อ.พนมดงรัก อ.ปราสาท | H31: 10 | I31: 65 | J31: 200 | K31: - | L31: ลดลง | M31: กำลังประสบภัย | N31: ปภ. รายงาน 549/2569 วันที่ 2 ต.ค. 2569 เวลา 06.00 น. ตารางหน้า 5; บาดเจ็บ: -; สูญหาย: -; คงเครื่องหมาย - และช่องว่างตามต้นฉบับ ปภ. | O31: 46297.413 | P31: https://direct.disaster.go.th/directing/home
A32: 2026-10-02_ยโสธร_อุทกภัย | B32: 46297 | C32: ภาคตะวันออกเฉียงเหนือ | D32: ยโสธร | E32: อุทกภัย | F32: 2 | G32: อ.คำเขื่อนแก้ว อ.ป่าติ้ว | H32: 5 | I32: 12 | J32: 243 | K32: - | L32: ลดลง | M32: กำลังประสบภัย | N32: ปภ. รายงาน 549/2569 วันที่ 2 ต.ค. 2569 เวลา 06.00 น. ตารางหน้า 5; บาดเจ็บ: -; สูญหาย: -; คงเครื่องหมาย - และช่องว่างตามต้นฉบับ ปภ. | O32: 46297.413 | P32: https://direct.disaster.go.th/directing/home
A33: 2026-10-02_กรุงเทพมหานคร_อุทกภัย | B33: 46297 | C33: กรุงเทพมหานคร | D33: กรุงเทพมหานคร | E33: อุทกภัย | F33: - | G33: - | H33: - | I33: - | J33: 329000 | K33: 4 | L33: ลดลง | M33: กำลังประสบภัย | N33: ปภ. รายงาน 549/2569 วันที่ 2 ต.ค. 2569 เวลา 06.00 น. ตารางหน้า 5; บาดเจ็บ: -; สูญหาย: -; คงเครื่องหมาย - และช่องว่างตามต้นฉบับ ปภ. | O33: 46297.413 | P33: https://direct.disaster.go.th/directing/home
A34: 2026-10-01_พิษณุโลก_อุทกภัย | B34: 46296 | C34: ภาคเหนือ | D34: พิษณุโลก | E34: อุทกภัย | F34: 1 | G34: บางระกำ | H34: 2 | I34: 2 | J34: 3 | K34: - | L34: ระดับน้ำลดลง | M34: กำลังประสบภัย | N34: ปภ. รายงาน 548/2569 วันที่ 1 ต.ค. 2569 เวลา 18.00 น. ตารางหน้า 1; บาดเจ็บ: -; สูญหาย: - | O34: 46296.851 | P34: download.pdf
A35: 2026-10-01_เพชรบูรณ์_อุทกภัย | B35: 46296 | C35: ภาคเหนือ | D35: เพชรบูรณ์ | E35: อุทกภัย | F35: 6 | G35: เมืองฯ ชนแดน บึงสามพัน วิเชียรบุรี ศรีเทพ หนองไผ่ | H35: 9 | I35: 19 | J35: 82 | K35: - | L35: ระดับน้ำลดลง | M35: กำลังประสบภัย | N35: ปภ. รายงาน 548/2569 วันที่ 1 ต.ค. 2569 เวลา 18.00 น. ตารางหน้า 1; บาดเจ็บ: -; สูญหาย: - | O35: 46296.851 | P35: download.pdf
A36: 2026-10-01_กำแพงเพชร_อุทกภัย | B36: 46296 | C36: ภาคเหนือ | D36: กำแพงเพชร | E36: อุทกภัย | F36: 2 | G36: ขาณุวรลักษบุรี คลองขลุง | H36: 21 | I36: 191 | J36: 3128 | K36: - | L36: ระดับน้ำลดลง | M36: กำลังประสบภัย | N36: ปภ. รายงาน 548/2569 วันที่ 1 ต.ค. 2569 เวลา 18.00 น. ตารางหน้า 2; บาดเจ็บ: -; สูญหาย: - | O36: 46296.851 | P36: download.pdf
A37: 2026-10-01_นครสวรรค์_อุทกภัย | B37: 46296 | C37: ภาคเหนือ | D37: นครสวรรค์ | E37: อุทกภัย | F37: 14 | G37: พยุหะคีรี แม่วงก์ ตาคลี ไพศาลี ลาดยาว บรรพตพิสัย เก้าเลี้ยว เมืองฯ ชุมแสง ท่าตะโก ตากฟ้า โกรกพระ ชุมตาบง หนองบัว | H37: 85 | I37: 501 | J37: 11928 | K37: - | L37: ระดับน้ำเพิ่มขึ้น | M37: กำลังประสบภัย | N37: ปภ. รายงาน 548/2569 วันที่ 1 ต.ค. 2569 เวลา 18.00 น. ตารางหน้า 2; บาดเจ็บ: -; สูญหาย: - | O37: 46296.851 | P37: download.pdf
A38: 2026-10-01_อุทัยธานี_อุทกภัย | B38: 46296 | C38: ภาคกลาง | D38: อุทัยธานี | E38: อุทกภัย | F38: 8 | G38: หนองฉาง ห้วยคต สว่างอารมณ์ หนองขาหย่าง บ้านไร่ ลานสัก อ.เมืองฯ ทัพทัน | H38: 56 | I38: 413 | J38: 4785 | K38: - | L38: ระดับน้ำเพิ่มขึ้น | M38: กำลังประสบภัย | N38: ปภ. รายงาน 548/2569 วันที่ 1 ต.ค. 2569 เวลา 18.00 น. ตารางหน้า 2; บาดเจ็บ: -; สูญหาย: - | O38: 46296.851 | P38: download.pdf
A39: 2026-10-01_ลพบุรี_อุทกภัย | B39: 46296 | C39: ภาคกลาง | D39: ลพบุรี | E39: อุทกภัย | F39: 5 | G39: เมืองฯ ท่าหลวง พัฒนานิคม โคกสำโรง บ้านหมี่ | H39: 23 | I39: 84 | J39: 1657 | K39: - | L39: ระดับน้ำเพิ่มขึ้น | M39: กำลังประสบภัย | N39: ปภ. รายงาน 548/2569 วันที่ 1 ต.ค. 2569 เวลา 18.00 น. ตารางหน้า 2; บาดเจ็บ: -; สูญหาย: - | O39: 46296.851 | P39: download.pdf
A40: 2026-10-01_ชัยนาท_อุทกภัย | B40: 46296 | C40: ภาคกลาง | D40: ชัยนาท | E40: อุทกภัย | F40: 7 | G40: เมืองฯ วัดสิงห์ มโนรมย์ สรรพยา หันคา หนองมะโมง สรรคบุรี | H40: 38 | I40: 168 | J40: 1581 | K40: - | L40: ระดับน้ำเพิ่มขึ้น | M40: กำลังประสบภัย | N40: ปภ. รายงาน 548/2569 วันที่ 1 ต.ค. 2569 เวลา 18.00 น. ตารางหน้า 2; บาดเจ็บ: -; สูญหาย: - | O40: 46296.851 | P40: download.pdf
A41: 2026-10-01_สิงห์บุรี_อุทกภัย | B41: 46296 | C41: ภาคกลาง | D41: สิงห์บุรี | E41: อุทกภัย | F41: 3 | G41: อินทร์บุรี พรหมบุรี เมืองฯ | H41: 3 | I41: 11 | J41: 974 | K41: - | L41: ระดับน้ำเพิ่มขึ้น | M41: กำลังประสบภัย | N41: ปภ. รายงาน 548/2569 วันที่ 1 ต.ค. 2569 เวลา 18.00 น. ตารางหน้า 2; บาดเจ็บ: -; สูญหาย: - | O41: 46296.851 | P41: download.pdf
A42: 2026-10-01_สุพรรณบุรี_อุทกภัย | B42: 46296 | C42: ภาคกลาง | D42: สุพรรณบุรี | E42: อุทกภัย | F42: 9 | G42: บางปลาม้า สองพี่น้อง ดอนเจดีย์ ศรีประจันต์ เมืองฯ สามชุก เดิมบางนางบวช อู่ทอง ด่านช้าง | H42: 92 | I42: 667 | J42: 18987 | K42: - | L42: ระดับน้ำเพิ่มขึ้น | M42: กำลังประสบภัย | N42: ปภ. รายงาน 548/2569 วันที่ 1 ต.ค. 2569 เวลา 18.00 น. ตารางหน้า 2; บาดเจ็บ: -; สูญหาย: - | O42: 46296.851 | P42: download.pdf
A43: 2026-10-01_กาญจนบุรี_อุทกภัย | B43: 46296 | C43: ภาคกลาง | D43: กาญจนบุรี | E43: อุทกภัย | F43: 13 | G43: ไทรโยค เลาขวัญ ห้วยกระเจา หนองปรือ พนมทวน ด่านมะขามเตี้ย ท่าม่วง ท่ามะกา บ่อพลอย ศรีสวัสดิ์ ทองผาภูมิ เมืองฯ สังขละบุรี | H43: 90 | I43: 884 | J43: 9635 | K43: 2 | L43: ระดับน้ำเพิ่มขึ้น | M43: กำลังประสบภัย | N43: ปภ. รายงาน 548/2569 วันที่ 1 ต.ค. 2569 เวลา 18.00 น. ตารางหน้า 3; บาดเจ็บ: -; สูญหาย: - | O43: 46296.851 | P43: download.pdf
A44: 2026-10-01_อ่างทอง_อุทกภัย | B44: 46296 | C44: ภาคกลาง | D44: อ่างทอง | E44: อุทกภัย | F44: 5 | G44: ป่าโมก ไชโย วิเศษชัยชาญ เมืองฯ สามโก้ | H44: 33 | I44: 146 | J44: 2009 | K44: - | L44: ระดับน้ำเพิ่มขึ้น | M44: กำลังประสบภัย | N44: ปภ. รายงาน 548/2569 วันที่ 1 ต.ค. 2569 เวลา 18.00 น. ตารางหน้า 3; บาดเจ็บ: -; สูญหาย: - | O44: 46296.851 | P44: download.pdf
A45: 2026-10-01_สระบุรี_อุทกภัย | B45: 46296 | C45: ภาคกลาง | D45: สระบุรี | E45: อุทกภัย | F45: 13 | G45: หนองแซง มวกเหล็ก เมืองฯ วังม่วง แก่งคอย หนองแค พระพุทธบาท หนองโดน วิหารแดง บ้านหมอ ดอนพุด เสาไห้ เฉลิมพระเกียรติ | H45: 87 | I45: 566 | J45: 5393 | K45: 1 | L45: ระดับน้ำลดลง | M45: กำลังประสบภัย | N45: ปภ. รายงาน 548/2569 วันที่ 1 ต.ค. 2569 เวลา 18.00 น. ตารางหน้า 3; บาดเจ็บ: -; สูญหาย: - | O45: 46296.851 | P45: download.pdf
A46: 2026-10-01_พระนครศรีอยุธยา_อุทกภัย | B46: 46296 | C46: ภาคกลาง | D46: พระนครศรีอยุธยา | E46: อุทกภัย | F46: 13 | G46: เสนา บางบาล ผักไห่ บางไทร พระนครศรีอยุธยา บางปะอิน บางปะหัน ลาดบัวหลวง นครหลวง วังน้อย อุทัย ท่าเรือ ภาชี | H46: 169 | I46: 1104 | J46: 44865 | K46: 1 | L46: ระดับน้ำเพิ่มขึ้น | M46: กำลังประสบภัย | N46: ปภ. รายงาน 548/2569 วันที่ 1 ต.ค. 2569 เวลา 18.00 น. ตารางหน้า 3; บาดเจ็บ: -; สูญหาย: - | O46: 46296.851 | P46: download.pdf
A47: 2026-10-01_สมุทรปราการ_อุทกภัย | B47: 46296 | C47: ภาคกลาง | D47: สมุทรปราการ | E47: อุทกภัย | F47: 6 | G47: บางเสาธง บางบ่อ บางพลี เมืองฯ พระประแดง พระสมุทรเจดีย์ | H47: 38 | I47: 382 | J47: 307704 | K47: 8 | L47: ระดับน้ำเพิ่มขึ้น | M47: กำลังประสบภัย | N47: ปภ. รายงาน 548/2569 วันที่ 1 ต.ค. 2569 เวลา 18.00 น. ตารางหน้า 4; บาดเจ็บ: -; สูญหาย: - | O47: 46296.851 | P47: download.pdf
A48: 2026-10-01_ปทุมธานี_อุทกภัย | B48: 46296 | C48: ภาคกลาง | D48: ปทุมธานี | E48: อุทกภัย | F48: 7 | G48: ธัญบุรี เมืองฯ สามโคก คลองหลวง ลำลูกกา หนองเสือ ลาดหลุมแก้ว | H48: 29 | I48: 510 | J48: 182290 | K48: - | L48: ระดับน้ำเพิ่มขึ้น | M48: กำลังประสบภัย | N48: ปภ. รายงาน 548/2569 วันที่ 1 ต.ค. 2569 เวลา 18.00 น. ตารางหน้า 4; บาดเจ็บ: -; สูญหาย: - | O48: 46296.851 | P48: download.pdf
A49: 2026-10-01_นนทบุรี_อุทกภัย | B49: 46296 | C49: ภาคกลาง | D49: นนทบุรี | E49: อุทกภัย | F49: 3 | G49: เมืองฯ บางกรวย ปากเกร็ด | H49: 3 | I49: 3 | J49: - | K49: - | L49: ระดับน้ำเพิ่มขึ้น | M49: กำลังประสบภัย | N49: ปภ. รายงาน 548/2569 วันที่ 1 ต.ค. 2569 เวลา 18.00 น. ตารางหน้า 4; บาดเจ็บ: -; สูญหาย: - | O49: 46296.851 | P49: download.pdf
A50: 2026-10-01_นครปฐม_อุทกภัย | B50: 46296 | C50: ภาคกลาง | D50: นครปฐม | E50: อุทกภัย | F50: 7 | G50: เมืองฯ กำแพงแสน นครชัยศรี พุทธมณฑล สามพราน บางเลน ดอนตูม | H50: 105 | I50: 793 | J50: 43687 | K50: - | L50: ระดับน้ำเพิ่มขึ้น | M50: กำลังประสบภัย | N50: ปภ. รายงาน 548/2569 วันที่ 1 ต.ค. 2569 เวลา 18.00 น. ตารางหน้า 4; บาดเจ็บ: -; สูญหาย: - | O50: 46296.851 | P50: download.pdf
A51: 2026-10-01_ราชบุรี_อุทกภัย | B51: 46296 | C51: ภาคกลาง | D51: ราชบุรี | E51: อุทกภัย | F51: 7 | G51: โพธาราม บางแพ เมืองฯ ดำเนินสะดวก บ้านโป่ง วัดเพลง จอมบึง | H51: 42 | I51: 178 | J51: 3663 | K51: - | L51: ระดับน้ำเพิ่มขึ้น | M51: กำลังประสบภัย | N51: ปภ. รายงาน 548/2569 วันที่ 1 ต.ค. 2569 เวลา 18.00 น. ตารางหน้า 4; บาดเจ็บ: -; สูญหาย: - | O51: 46296.851 | P51: download.pdf
A52: 2026-10-01_เพชรบุรี_อุทกภัย | B52: 46296 | C52: ภาคกลาง | D52: เพชรบุรี | E52: อุทกภัย | F52: 1 | G52: แก่งกระจาน | H52: 2 | I52: 3 | J52: 6 | K52: - | L52: ระดับน้ำเพิ่มขึ้น | M52: กำลังประสบภัย | N52: ปภ. รายงาน 548/2569 วันที่ 1 ต.ค. 2569 เวลา 18.00 น. ตารางหน้า 4; บาดเจ็บ: -; สูญหาย: - | O52: 46296.851 | P52: download.pdf
A53: 2026-10-01_นครนายก_อุทกภัย | B53: 46296 | C53: ภาคตะวันออก | D53: นครนายก | E53: อุทกภัย | F53: 4 | G53: ปากพลี เมืองฯ บ้านนา องครักษ์ | H53: 41 | I53: 416 | J53: 49018 | K53: - | L53: ระดับน้ำเพิ่มขึ้น | M53: กำลังประสบภัย | N53: ปภ. รายงาน 548/2569 วันที่ 1 ต.ค. 2569 เวลา 18.00 น. ตารางหน้า 4; บาดเจ็บ: -; สูญหาย: - | O53: 46296.851 | P53: download.pdf
A54: 2026-10-01_ปราจีนบุรี_อุทกภัย | B54: 46296 | C54: ภาคตะวันออก | D54: ปราจีนบุรี | E54: อุทกภัย | F54: 7 | G54: กบินทร์บุรี นาดี ศรีมหาโพธิ เมืองฯ ประจันตคาม บ้านสร้าง ศรีมโหสถ | H54: 61 | I54: 625 | J54: 39977 | K54: - | L54: ระดับน้ำเพิ่มขึ้น | M54: กำลังประสบภัย | N54: ปภ. รายงาน 548/2569 วันที่ 1 ต.ค. 2569 เวลา 18.00 น. ตารางหน้า 4; บาดเจ็บ: -; สูญหาย: - | O54: 46296.851 | P54: download.pdf
A55: 2026-10-01_ฉะเชิงเทรา_อุทกภัย | B55: 46296 | C55: ภาคตะวันออก | D55: ฉะเชิงเทรา | E55: อุทกภัย | F55: 11 | G55: บางน้ำเปรี้ยว พนมสารคาม บางคล้า แปลงยาว ท่าตะเกียบ สนามชัยเขต เมืองฯ บ้านโพธิ์ บางปะกง คลองเขื่อน ราชสาส์น | H55: 68 | I55: 556 | J55: 26169 | K55: - | L55: ระดับน้ำเพิ่มขึ้น | M55: กำลังประสบภัย | N55: ปภ. รายงาน 548/2569 วันที่ 1 ต.ค. 2569 เวลา 18.00 น. ตารางหน้า 5; บาดเจ็บ: -; สูญหาย: - | O55: 46296.851 | P55: download.pdf
A56: 2026-10-01_สระแก้ว_อุทกภัย | B56: 46296 | C56: ภาคตะวันออก | D56: สระแก้ว | E56: อุทกภัย | F56: 2 | G56: อรัญประเทศ เมืองฯ | H56: 4 | I56: 33 | J56: 4373 | K56: 6 | L56: ระดับน้ำลดลง | M56: กำลังประสบภัย | N56: ปภ. รายงาน 548/2569 วันที่ 1 ต.ค. 2569 เวลา 18.00 น. ตารางหน้า 5; บาดเจ็บ: -; สูญหาย: - | O56: 46296.851 | P56: download.pdf
A57: 2026-10-01_ชลบุรี_อุทกภัย | B57: 46296 | C57: ภาคตะวันออก | D57: ชลบุรี | E57: อุทกภัย | F57: 10 | G57: เมืองฯ สัตหีบ พนัสนิคม ศรีราชา บางละมุง บ้านบึง หนองใหญ่ เกาะจันทร์ พานทอง บ่อทอง | H57: 78 | I57: 354 | J57: 118723 | K57: - | L57: ระดับน้ำเพิ่มขึ้น | M57: กำลังประสบภัย | N57: ปภ. รายงาน 548/2569 วันที่ 1 ต.ค. 2569 เวลา 18.00 น. ตารางหน้า 5; บาดเจ็บ: -; สูญหาย: - | O57: 46296.851 | P57: download.pdf
A58: 2026-10-01_ระยอง_อุทกภัย | B58: 46296 | C58: ภาคตะวันออก | D58: ระยอง | E58: อุทกภัย | F58: 2 | G58: เมืองฯ แกลง | H58: 9 | I58: 73 | J58: 1760 | K58: - | L58: ระดับน้ำทรงตัว | M58: กำลังประสบภัย | N58: ปภ. รายงาน 548/2569 วันที่ 1 ต.ค. 2569 เวลา 18.00 น. ตารางหน้า 5; บาดเจ็บ: -; สูญหาย: - | O58: 46296.851 | P58: download.pdf
A59: 2026-10-01_จันทบุรี_อุทกภัย | B59: 46296 | C59: ภาคตะวันออก | D59: จันทบุรี | E59: อุทกภัย | F59: 2 | G59: นายายอาม ท่าใหม่ | H59: 10 | I59: 55 | J59: 7460 | K59: 2 | L59: ระดับน้ำลดลง | M59: กำลังประสบภัย | N59: ปภ. รายงาน 548/2569 วันที่ 1 ต.ค. 2569 เวลา 18.00 น. ตารางหน้า 5; บาดเจ็บ: -; สูญหาย: - | O59: 46296.851 | P59: download.pdf
A60: 2026-10-01_ตราด_อุทกภัย | B60: 46296 | C60: ภาคตะวันออก | D60: ตราด | E60: อุทกภัย | F60: 3 | G60: บ่อไร่ เขาสมิง เมืองฯ | H60: 17 | I60: 138 | J60: 1310 | L60: ระดับน้ำลดลง | M60: กำลังประสบภัย | N60: ปภ. รายงาน 548/2569 วันที่ 1 ต.ค. 2569 เวลา 18.00 น. ตารางหน้า 5; บาดเจ็บ: ช่องว่าง; สูญหาย: ช่องว่าง | O60: 46296.851 | P60: download.pdf
A61: 2026-10-01_บุรีรัมย์_อุทกภัย | B61: 46296 | C61: ภาคตะวันออกเฉียงเหนือ | D61: บุรีรัมย์ | E61: อุทกภัย | F61: 2 | G61: นางรอง ประโคนชัย | H61: 23 | I61: 199 | J61: 3164 | K61: - | L61: ระดับน้ำลดลง | M61: กำลังประสบภัย | N61: ปภ. รายงาน 548/2569 วันที่ 1 ต.ค. 2569 เวลา 18.00 น. ตารางหน้า 5; บาดเจ็บ: -; สูญหาย: - | O61: 46296.851 | P61: download.pdf
A62: 2026-10-01_ชัยภูมิ_อุทกภัย | B62: 46296 | C62: ภาคตะวันออกเฉียงเหนือ | D62: ชัยภูมิ | E62: อุทกภัย | F62: 2 | G62: บำเหน็จณรงค์ จัตุรัส | H62: 5 | I62: 8 | J62: 17 | K62: - | L62: ระดับน้ำลดลง | M62: กำลังประสบภัย | N62: ปภ. รายงาน 548/2569 วันที่ 1 ต.ค. 2569 เวลา 18.00 น. ตารางหน้า 5; บาดเจ็บ: -; สูญหาย: - | O62: 46296.851 | P62: download.pdf
A63: 2026-10-01_สุรินทร์_อุทกภัย | B63: 46296 | C63: ภาคตะวันออกเฉียงเหนือ | D63: สุรินทร์ | E63: อุทกภัย | F63: 2 | G63: พนมดงรัก ปราสาท | H63: 10 | I63: 65 | J63: 200 | K63: - | L63: ระดับน้ำลดลง | M63: กำลังประสบภัย | N63: ปภ. รายงาน 548/2569 วันที่ 1 ต.ค. 2569 เวลา 18.00 น. ตารางหน้า 5; บาดเจ็บ: -; สูญหาย: - | O63: 46296.851 | P63: download.pdf
A64: 2026-10-01_กรุงเทพมหานคร_อุทกภัย | B64: 46296 | C64: กรุงเทพมหานคร | D64: กรุงเทพมหานคร | E64: อุทกภัย | F64: - | G64: - | H64: - | I64: - | J64: 329000 | K64: 4 | L64: ระดับน้ำลดลง | M64: กำลังประสบภัย | N64: ปภ. รายงาน 548/2569 วันที่ 1 ต.ค. 2569 เวลา 18.00 น. ตารางหน้า 5; บาดเจ็บ: -; สูญหาย: - | O64: 46296.851 | P64: download.pdf
A65: 2026-09-30_ตาก_อุทกภัย | B65: 46295 | C65: ภาคเหนือ | D65: ตาก | E65: อุทกภัย | F65: 2 | G65: อ.บ้านตาก อ.แม่สอด | H65: 2 | I65: 11 | J65: 561 | K65: - | L65: เพิ่มขึ้น | M65: กำลังประสบภัย | N65: ปภ. รายงาน 545/2569 วันที่ 30 ก.ย. 2569 เวลา 06.00 น. ตารางหน้า 1; บาดเจ็บ: -; สูญหาย: -; คงเครื่องหมาย - และช่องว่างตามต้นฉบับ | O65: 46296.629 | P65: https://backofficeminisite.disaster.go.th/apiv1/apps/minisite_directing/194/content/8728/download?filename=5d20575fa6cbe9d1e5a046aeef36e7a3.pdf
A66: 2026-09-30_พิษณุโลก_อุทกภัย | B66: 46295 | C66: ภาคเหนือ | D66: พิษณุโลก | E66: อุทกภัย | F66: 1 | G66: อ.บางระกำ | H66: 2 | I66: 2 | J66: 8 | K66: - | L66: ลดลง | M66: กำลังประสบภัย | N66: ปภ. รายงาน 545/2569 วันที่ 30 ก.ย. 2569 เวลา 06.00 น. ตารางหน้า 1; บาดเจ็บ: -; สูญหาย: -; คงเครื่องหมาย - และช่องว่างตามต้นฉบับ | O66: 46296.629 | P66: https://backofficeminisite.disaster.go.th/apiv1/apps/minisite_directing/194/content/8728/download?filename=5d20575fa6cbe9d1e5a046aeef36e7a3.pdf
A67: 2026-09-30_เพชรบูรณ์_อุทกภัย | B67: 46295 | C67: ภาคเหนือ | D67: เพชรบูรณ์ | E67: อุทกภัย | F67: 6 | G67: อ.เมืองฯ อ.ชนแดน อ.บึงสามพัน อ.วิเชียรบุรี อ.ศรีเทพ อ.หนองไผ่ | H67: 9 | I67: 19 | J67: 82 | K67: - | L67: ลดลง | M67: กำลังประสบภัย | N67: ปภ. รายงาน 545/2569 วันที่ 30 ก.ย. 2569 เวลา 06.00 น. ตารางหน้า 1; บาดเจ็บ: -; สูญหาย: -; คงเครื่องหมาย - และช่องว่างตามต้นฉบับ | O67: 46296.629 | P67: https://backofficeminisite.disaster.go.th/apiv1/apps/minisite_directing/194/content/8728/download?filename=5d20575fa6cbe9d1e5a046aeef36e7a3.pdf
A68: 2026-09-30_กำแพงเพชร_อุทกภัย | B68: 46295 | C68: ภาคเหนือ | D68: กำแพงเพชร | E68: อุทกภัย | F68: 8 | G68: อ.ปางศิลาทอง อ.เมืองฯ อ.ขาณุวรลักษบุรี อ.คลองขลุง อ.คลองลาน อ.บึงสามัคคี อ.ทรายทองวัฒนา อ.โกสัมพีนคร | H68: 47 | I68: 331 | J68: 6122 | K68: - | L68: ลดลง | M68: กำลังประสบภัย | N68: ปภ. รายงาน 545/2569 วันที่ 30 ก.ย. 2569 เวลา 06.00 น. ตารางหน้า 2; บาดเจ็บ: -; สูญหาย: -; คงเครื่องหมาย - และช่องว่างตามต้นฉบับ | O68: 46296.629 | P68: https://backofficeminisite.disaster.go.th/apiv1/apps/minisite_directing/194/content/8728/download?filename=5d20575fa6cbe9d1e5a046aeef36e7a3.pdf
A69: 2026-09-30_นครสวรรค์_อุทกภัย | B69: 46295 | C69: ภาคเหนือ | D69: นครสวรรค์ | E69: อุทกภัย | F69: 11 | G69: อ.พยุหะคีรี อ.แม่วงก์ อ.ตาคลี อ.ไพศาลี อ.ลาดยาว อ.บรรพตพิสัย อ.เก้าเลี้ยว อ.เมืองฯ อ.ชุมแสง อ.ท่าตะโก อ.ตากฟ้า | H69: 54 | I69: 280 | J69: 7777 | K69: - | L69: เพิ่มขึ้น | M69: กำลังประสบภัย | N69: ปภ. รายงาน 545/2569 วันที่ 30 ก.ย. 2569 เวลา 06.00 น. ตารางหน้า 2; บาดเจ็บ: -; สูญหาย: -; คงเครื่องหมาย - และช่องว่างตามต้นฉบับ | O69: 46296.629 | P69: https://backofficeminisite.disaster.go.th/apiv1/apps/minisite_directing/194/content/8728/download?filename=5d20575fa6cbe9d1e5a046aeef36e7a3.pdf
A70: 2026-09-30_อุทัยธานี_อุทกภัย | B70: 46295 | C70: ภาคกลาง | D70: อุทัยธานี | E70: อุทกภัย | F70: 8 | G70: อ.หนองฉาง อ.ห้วยคต อ.สว่างอารมณ์ อ.หนองขาหย่าง อ.บ้านไร่ อ.ลานสัก อ.เมืองฯ อ.ทัพทัน | H70: 44 | I70: 222 | J70: 1734 | K70: - | L70: ทรงตัว | M70: กำลังประสบภัย | N70: ปภ. รายงาน 545/2569 วันที่ 30 ก.ย. 2569 เวลา 06.00 น. ตารางหน้า 2; บาดเจ็บ: -; สูญหาย: -; คงเครื่องหมาย - และช่องว่างตามต้นฉบับ | O70: 46296.629 | P70: https://backofficeminisite.disaster.go.th/apiv1/apps/minisite_directing/194/content/8728/download?filename=5d20575fa6cbe9d1e5a046aeef36e7a3.pdf
A71: 2026-09-30_ลพบุรี_อุทกภัย | B71: 46295 | C71: ภาคกลาง | D71: ลพบุรี | E71: อุทกภัย | F71: 5 | G71: อ.เมืองฯ อ.ท่าหลวง อ.พัฒนานิคม อ.โคกสำโรง อ.บ้านหมี่ | H71: 23 | I71: 84 | J71: 1657 | K71: - | L71: ทรงตัว | M71: กำลังประสบภัย | N71: ปภ. รายงาน 545/2569 วันที่ 30 ก.ย. 2569 เวลา 06.00 น. ตารางหน้า 2; บาดเจ็บ: -; สูญหาย: -; คงเครื่องหมาย - และช่องว่างตามต้นฉบับ | O71: 46296.629 | P71: https://backofficeminisite.disaster.go.th/apiv1/apps/minisite_directing/194/content/8728/download?filename=5d20575fa6cbe9d1e5a046aeef36e7a3.pdf
A72: 2026-09-30_ชัยนาท_อุทกภัย | B72: 46295 | C72: ภาคกลาง | D72: ชัยนาท | E72: อุทกภัย | F72: 6 | G72: อ.เมืองฯ อ.มโนรมย์ อ.วัดสิงห์ อ.สรรพยา อ.หันคา อ.หนองมะโมง | H72: 28 | I72: 107 | J72: 948 | K72: - | L72: เพิ่มขึ้น | M72: กำลังประสบภัย | N72: ปภ. รายงาน 545/2569 วันที่ 30 ก.ย. 2569 เวลา 06.00 น. ตารางหน้า 2; บาดเจ็บ: -; สูญหาย: -; คงเครื่องหมาย - และช่องว่างตามต้นฉบับ | O72: 46296.629 | P72: https://backofficeminisite.disaster.go.th/apiv1/apps/minisite_directing/194/content/8728/download?filename=5d20575fa6cbe9d1e5a046aeef36e7a3.pdf
A73: 2026-09-30_สิงห์บุรี_อุทกภัย | B73: 46295 | C73: ภาคกลาง | D73: สิงห์บุรี | E73: อุทกภัย | F73: 3 | G73: อ.เมืองฯ อ.อินทร์บุรี อ.พรหมบุรี | H73: 3 | I73: 11 | J73: 309 | K73: - | L73: เพิ่มขึ้น | M73: กำลังประสบภัย | N73: ปภ. รายงาน 545/2569 วันที่ 30 ก.ย. 2569 เวลา 06.00 น. ตารางหน้า 2; บาดเจ็บ: -; สูญหาย: -; คงเครื่องหมาย - และช่องว่างตามต้นฉบับ | O73: 46296.629 | P73: https://backofficeminisite.disaster.go.th/apiv1/apps/minisite_directing/194/content/8728/download?filename=5d20575fa6cbe9d1e5a046aeef36e7a3.pdf
A74: 2026-09-30_สุพรรณบุรี_อุทกภัย | B74: 46295 | C74: ภาคกลาง | D74: สุพรรณบุรี | E74: อุทกภัย | F74: 9 | G74: อ.บางปลาม้า อ.สองพี่น้อง อ.ดอนเจดีย์ อ.ศรีประจันต์ อ.เมืองฯ อ.สามชุก อ.เดิมบางนางบวช อ.อู่ทอง อ.ด่านช้าง | H74: 92 | I74: 667 | J74: 18987 | K74: - | L74: เพิ่มขึ้น | M74: กำลังประสบภัย | N74: ปภ. รายงาน 545/2569 วันที่ 30 ก.ย. 2569 เวลา 06.00 น. ตารางหน้า 2; บาดเจ็บ: -; สูญหาย: -; คงเครื่องหมาย - และช่องว่างตามต้นฉบับ | O74: 46296.629 | P74: https://backofficeminisite.disaster.go.th/apiv1/apps/minisite_directing/194/content/8728/download?filename=5d20575fa6cbe9d1e5a046aeef36e7a3.pdf
A75: 2026-09-30_กาญจนบุรี_อุทกภัย | B75: 46295 | C75: ภาคกลาง | D75: กาญจนบุรี | E75: อุทกภัย | F75: 13 | G75: อ.ไทรโยค อ.เลาขวัญ อ.ห้วยกระเจา อ.หนองปรือ อ.พนมทวน อ.ด่านมะขามเตี้ย อ.ท่าม่วง อ.ท่ามะกา อ.บ่อพลอย อ.ศรีสวัสดิ์ อ.ทองผาภูมิ อ.เมืองฯ อ.สังขละบุรี | H75: 90 | I75: 884 | J75: 9635 | K75: 2 | L75: เพิ่มขึ้น | M75: กำลังประสบภัย | N75: ปภ. รายงาน 545/2569 วันที่ 30 ก.ย. 2569 เวลา 06.00 น. ตารางหน้า 3; บาดเจ็บ: -; สูญหาย: -; คงเครื่องหมาย - และช่องว่างตามต้นฉบับ | O75: 46296.629 | P75: https://backofficeminisite.disaster.go.th/apiv1/apps/minisite_directing/194/content/8728/download?filename=5d20575fa6cbe9d1e5a046aeef36e7a3.pdf
A76: 2026-09-30_อ่างทอง_อุทกภัย | B76: 46295 | C76: ภาคกลาง | D76: อ่างทอง | E76: อุทกภัย | F76: 3 | G76: อ.ป่าโมก อ.ไชโย อ.วิเศษชัยชาญ | H76: 8 | I76: 24 | J76: 298 | K76: - | L76: ทรงตัว | M76: กำลังประสบภัย | N76: ปภ. รายงาน 545/2569 วันที่ 30 ก.ย. 2569 เวลา 06.00 น. ตารางหน้า 3; บาดเจ็บ: -; สูญหาย: -; คงเครื่องหมาย - และช่องว่างตามต้นฉบับ | O76: 46296.629 | P76: https://backofficeminisite.disaster.go.th/apiv1/apps/minisite_directing/194/content/8728/download?filename=5d20575fa6cbe9d1e5a046aeef36e7a3.pdf
A77: 2026-09-30_สระบุรี_อุทกภัย | B77: 46295 | C77: ภาคกลาง | D77: สระบุรี | E77: อุทกภัย | F77: 13 | G77: อ.หนองแซง อ.มวกเหล็ก อ.เมืองฯ อ.พระพุทธบาท อ.แก่งคอย อ.หนองแค อ.วังม่วง อ.หนองโดน อ.วิหารแดง อ.บ้านหมอ อ.ดอนพุด อ.เสาไห้ อ.เฉลิมพระเกียรติ | H77: 87 | I77: 566 | J77: 5393 | K77: 1 | L77: ลดลง | M77: กำลังประสบภัย | N77: ปภ. รายงาน 545/2569 วันที่ 30 ก.ย. 2569 เวลา 06.00 น. ตารางหน้า 3; บาดเจ็บ: -; สูญหาย: -; คงเครื่องหมาย - และช่องว่างตามต้นฉบับ | O77: 46296.629 | P77: https://backofficeminisite.disaster.go.th/apiv1/apps/minisite_directing/194/content/8728/download?filename=5d20575fa6cbe9d1e5a046aeef36e7a3.pdf
A78: 2026-09-30_พระนครศรีอยุธยา_อุทกภัย | B78: 46295 | C78: ภาคกลาง | D78: พระนครศรีอยุธยา | E78: อุทกภัย | F78: 11 | G78: อ.เสนา อ.บางบาล อ.ผักไห่ อ.บางไทร อ.บางปะอิน อ.พระนครศรีอยุธยา อ.บางปะหัน อ.บัวหลวง อ.นครหลวง อ.วังน้อย อ.อุทัย | H78: 146 | I78: 881 | J78: 34138 | K78: 1 | L78: เพิ่มขึ้น | M78: กำลังประสบภัย | N78: ปภ. รายงาน 545/2569 วันที่ 30 ก.ย. 2569 เวลา 06.00 น. ตารางหน้า 3; บาดเจ็บ: -; สูญหาย: -; คงเครื่องหมาย - และช่องว่างตามต้นฉบับ | O78: 46296.629 | P78: https://backofficeminisite.disaster.go.th/apiv1/apps/minisite_directing/194/content/8728/download?filename=5d20575fa6cbe9d1e5a046aeef36e7a3.pdf
A79: 2026-09-30_สมุทรปราการ_อุทกภัย | B79: 46295 | C79: ภาคกลาง | D79: สมุทรปราการ | E79: อุทกภัย | F79: 6 | G79: อ.เมืองฯ อ.บางเสาธง อ.บางพลี อ.บางบ่อ อ.พระประแดง อ.พระสมุทรเจดีย์ | H79: 38 | I79: 382 | J79: 261797 | K79: 8 | L79: ลดลง | M79: กำลังประสบภัย | N79: ปภ. รายงาน 545/2569 วันที่ 30 ก.ย. 2569 เวลา 06.00 น. ตารางหน้า 3; บาดเจ็บ: -; สูญหาย: -; คงเครื่องหมาย - และช่องว่างตามต้นฉบับ | O79: 46296.629 | P79: https://backofficeminisite.disaster.go.th/apiv1/apps/minisite_directing/194/content/8728/download?filename=5d20575fa6cbe9d1e5a046aeef36e7a3.pdf
A80: 2026-09-30_ปทุมธานี_อุทกภัย | B80: 46295 | C80: ภาคกลาง | D80: ปทุมธานี | E80: อุทกภัย | F80: 7 | G80: อ.ธัญบุรี อ.เมืองฯ อ.สามโคก อ.คลองหลวง อ.ลำลูกกา อ.หนองเสือ อ.ลาดหลุมแก้ว | H80: 55 | I80: 499 | J80: 113323 | K80: - | L80: เพิ่มขึ้น | M80: กำลังประสบภัย | N80: ปภ. รายงาน 545/2569 วันที่ 30 ก.ย. 2569 เวลา 06.00 น. ตารางหน้า 4; บาดเจ็บ: -; สูญหาย: -; คงเครื่องหมาย - และช่องว่างตามต้นฉบับ | O80: 46296.629 | P80: https://backofficeminisite.disaster.go.th/apiv1/apps/minisite_directing/194/content/8728/download?filename=5d20575fa6cbe9d1e5a046aeef36e7a3.pdf
A81: 2026-09-30_นนทบุรี_อุทกภัย | B81: 46295 | C81: ภาคกลาง | D81: นนทบุรี | E81: อุทกภัย | F81: 3 | G81: อ.เมืองฯ อ.บางกรวย อ.ปากเกร็ด | H81: 3 | I81: 3 | J81: - | K81: - | L81: ลดลง | M81: กำลังประสบภัย | N81: ปภ. รายงาน 545/2569 วันที่ 30 ก.ย. 2569 เวลา 06.00 น. ตารางหน้า 4; บาดเจ็บ: -; สูญหาย: -; คงเครื่องหมาย - และช่องว่างตามต้นฉบับ | O81: 46296.629 | P81: https://backofficeminisite.disaster.go.th/apiv1/apps/minisite_directing/194/content/8728/download?filename=5d20575fa6cbe9d1e5a046aeef36e7a3.pdf
A82: 2026-09-30_นครปฐม_อุทกภัย | B82: 46295 | C82: ภาคกลาง | D82: นครปฐม | E82: อุทกภัย | F82: 7 | G82: อ.เมืองฯ อ.พุทธมณฑล อ.กำแพงแสน อ.นครชัยศรี อ.สามพราน อ.บางเลน อ.ดอนตูม | H82: 55 | I82: 302 | J82: 10203 | K82: - | L82: ทรงตัว | M82: กำลังประสบภัย | N82: ปภ. รายงาน 545/2569 วันที่ 30 ก.ย. 2569 เวลา 06.00 น. ตารางหน้า 4; บาดเจ็บ: -; สูญหาย: -; คงเครื่องหมาย - และช่องว่างตามต้นฉบับ | O82: 46296.629 | P82: https://backofficeminisite.disaster.go.th/apiv1/apps/minisite_directing/194/content/8728/download?filename=5d20575fa6cbe9d1e5a046aeef36e7a3.pdf
A83: 2026-09-30_ราชบุรี_อุทกภัย | B83: 46295 | C83: ภาคกลาง | D83: ราชบุรี | E83: อุทกภัย | F83: 4 | G83: อ.โพธาราม อ.บางแพ อ.ดำเนินสะดวก อ.เมืองฯ | H83: 23 | I83: 71 | J83: 207 | K83: - | L83: ลดลง | M83: กำลังประสบภัย | N83: ปภ. รายงาน 545/2569 วันที่ 30 ก.ย. 2569 เวลา 06.00 น. ตารางหน้า 4; บาดเจ็บ: -; สูญหาย: -; คงเครื่องหมาย - และช่องว่างตามต้นฉบับ | O83: 46296.629 | P83: https://backofficeminisite.disaster.go.th/apiv1/apps/minisite_directing/194/content/8728/download?filename=5d20575fa6cbe9d1e5a046aeef36e7a3.pdf
A84: 2026-09-30_นครนายก_อุทกภัย | B84: 46295 | C84: ภาคตะวันออก | D84: นครนายก | E84: อุทกภัย | F84: 4 | G84: อ.ปากพลี อ.เมืองฯ อ.บ้านนา อ.องครักษ์ | H84: 41 | I84: 397 | J84: 28028 | K84: - | L84: เพิ่มขึ้น | M84: กำลังประสบภัย | N84: ปภ. รายงาน 545/2569 วันที่ 30 ก.ย. 2569 เวลา 06.00 น. ตารางหน้า 4; บาดเจ็บ: -; สูญหาย: -; คงเครื่องหมาย - และช่องว่างตามต้นฉบับ | O84: 46296.629 | P84: https://backofficeminisite.disaster.go.th/apiv1/apps/minisite_directing/194/content/8728/download?filename=5d20575fa6cbe9d1e5a046aeef36e7a3.pdf
A85: 2026-09-30_ปราจีนบุรี_อุทกภัย | B85: 46295 | C85: ภาคตะวันออก | D85: ปราจีนบุรี | E85: อุทกภัย | F85: 7 | G85: อ.กบินทร์บุรี อ.ศรีมหาโพธิ อ.นาดี อ.เมืองฯ อ.ประจันตคาม อ.บ้านสร้าง อ.ศรีมโหสถ | H85: 61 | I85: 625 | J85: 39977 | K85: - | L85: เพิ่มขึ้น | M85: กำลังประสบภัย | N85: ปภ. รายงาน 545/2569 วันที่ 30 ก.ย. 2569 เวลา 06.00 น. ตารางหน้า 4; บาดเจ็บ: -; สูญหาย: -; คงเครื่องหมาย - และช่องว่างตามต้นฉบับ | O85: 46296.629 | P85: https://backofficeminisite.disaster.go.th/apiv1/apps/minisite_directing/194/content/8728/download?filename=5d20575fa6cbe9d1e5a046aeef36e7a3.pdf
A86: 2026-09-30_ฉะเชิงเทรา_อุทกภัย | B86: 46295 | C86: ภาคตะวันออก | D86: ฉะเชิงเทรา | E86: อุทกภัย | F86: 11 | G86: อ.บางน้ำเปรี้ยว อ.พนมสารคาม อ.บางคล้า อ.ท่าตะเกียบ อ.สนามชัยเขต อ.แปลงยาว อ.เมืองฯ อ.บ้านโพธิ์ อ.บางปะกง อ.คลองเขื่อน อ.ราชสาส์น | H86: 65 | I86: 526 | J86: 23790 | K86: - | L86: เพิ่มขึ้น | M86: กำลังประสบภัย | N86: ปภ. รายงาน 545/2569 วันที่ 30 ก.ย. 2569 เวลา 06.00 น. ตารางหน้า 4; บาดเจ็บ: -; สูญหาย: -; คงเครื่องหมาย - และช่องว่างตามต้นฉบับ | O86: 46296.629 | P86: https://backofficeminisite.disaster.go.th/apiv1/apps/minisite_directing/194/content/8728/download?filename=5d20575fa6cbe9d1e5a046aeef36e7a3.pdf
A87: 2026-09-30_สระแก้ว_อุทกภัย | B87: 46295 | C87: ภาคตะวันออก | D87: สระแก้ว | E87: อุทกภัย | F87: 9 | G87: อ.เมืองฯ อ.วัฒนานคร อ.อรัญประเทศ อ.โคกสูง อ.คลองหาด อ.วังน้ำเย็น อ.เขาฉกรรจ์ อ.ตาพระยา อ.วังสมบูรณ์ | H87: 32 | I87: 210 | J87: 15086 | K87: 6 | L87: เพิ่มขึ้น | M87: กำลังประสบภัย | N87: ปภ. รายงาน 545/2569 วันที่ 30 ก.ย. 2569 เวลา 06.00 น. ตารางหน้า 5; บาดเจ็บ: -; สูญหาย: -; คงเครื่องหมาย - และช่องว่างตามต้นฉบับ | O87: 46296.629 | P87: https://backofficeminisite.disaster.go.th/apiv1/apps/minisite_directing/194/content/8728/download?filename=5d20575fa6cbe9d1e5a046aeef36e7a3.pdf
A88: 2026-09-30_ชลบุรี_อุทกภัย | B88: 46295 | C88: ภาคตะวันออก | D88: ชลบุรี | E88: อุทกภัย | F88: 10 | G88: อ.เมืองฯ อ.สัตหีบ อ.พนัสนิคม อ.ศรีราชา อ.บางละมุง อ.บ้านบึง อ.หนองใหญ่ อ.เกาะจันทร์ อ.พานทอง อ.บ่อทอง | H88: 78 | I88: 354 | J88: 118723 | K88: - | L88: เพิ่มขึ้น | M88: กำลังประสบภัย | N88: ปภ. รายงาน 545/2569 วันที่ 30 ก.ย. 2569 เวลา 06.00 น. ตารางหน้า 5; บาดเจ็บ: -; สูญหาย: -; คงเครื่องหมาย - และช่องว่างตามต้นฉบับ | O88: 46296.629 | P88: https://backofficeminisite.disaster.go.th/apiv1/apps/minisite_directing/194/content/8728/download?filename=5d20575fa6cbe9d1e5a046aeef36e7a3.pdf
A89: 2026-09-30_ระยอง_อุทกภัย | B89: 46295 | C89: ภาคตะวันออก | D89: ระยอง | E89: อุทกภัย | F89: 5 | G89: อ.ปลวกแดง อ.บ้านค่าย อ.เขาชะเมา อ.นิคมพัฒนา อ.แกลง | H89: 5 | I89: 7 | J89: 350 | K89: - | L89: ทรงตัว | M89: กำลังประสบภัย | N89: ปภ. รายงาน 545/2569 วันที่ 30 ก.ย. 2569 เวลา 06.00 น. ตารางหน้า 5; บาดเจ็บ: -; สูญหาย: -; คงเครื่องหมาย - และช่องว่างตามต้นฉบับ | O89: 46296.629 | P89: https://backofficeminisite.disaster.go.th/apiv1/apps/minisite_directing/194/content/8728/download?filename=5d20575fa6cbe9d1e5a046aeef36e7a3.pdf
A90: 2026-09-30_จันทบุรี_อุทกภัย | B90: 46295 | C90: ภาคตะวันออก | D90: จันทบุรี | E90: อุทกภัย | F90: 8 | G90: อ.แก่งหางแมว อ.โป่งน้ำร้อน อ.นายายอาม อ.มะขาม อ.ท่าใหม่ อ.ขลุง อ.เมืองฯ อ.แหลมสิงห์ | H90: 35 | I90: 299 | J90: 9326 | K90: 2 | L90: ลดลง | M90: กำลังประสบภัย | N90: ปภ. รายงาน 545/2569 วันที่ 30 ก.ย. 2569 เวลา 06.00 น. ตารางหน้า 5; บาดเจ็บ: -; สูญหาย: -; คงเครื่องหมาย - และช่องว่างตามต้นฉบับ | O90: 46296.629 | P90: https://backofficeminisite.disaster.go.th/apiv1/apps/minisite_directing/194/content/8728/download?filename=5d20575fa6cbe9d1e5a046aeef36e7a3.pdf
A91: 2026-09-30_ตราด_อุทกภัย | B91: 46295 | C91: ภาคตะวันออก | D91: ตราด | E91: อุทกภัย | F91: 3 | G91: อ.บ่อไร่ อ.เขาสมิง อ.เมืองฯ | H91: 17 | I91: 138 | J91: 659 | L91: ทรงตัว | M91: กำลังประสบภัย | N91: ปภ. รายงาน 545/2569 วันที่ 30 ก.ย. 2569 เวลา 06.00 น. ตารางหน้า 5; บาดเจ็บ: ช่องว่าง; สูญหาย: ช่องว่าง; คงเครื่องหมาย - และช่องว่างตามต้นฉบับ | O91: 46296.629 | P91: https://backofficeminisite.disaster.go.th/apiv1/apps/minisite_directing/194/content/8728/download?filename=5d20575fa6cbe9d1e5a046aeef36e7a3.pdf
A92: 2026-09-30_บุรีรัมย์_อุทกภัย | B92: 46295 | C92: ภาคตะวันออกเฉียงเหนือ | D92: บุรีรัมย์ | E92: อุทกภัย | F92: 4 | G92: อ.นางรอง อ.เฉลิมพระเกียรติ อ.ประโคนชัย อ.พลับพลาชัย | H92: 30 | I92: 244 | J92: 2855 | K92: - | L92: ลดลง | M92: กำลังประสบภัย | N92: ปภ. รายงาน 545/2569 วันที่ 30 ก.ย. 2569 เวลา 06.00 น. ตารางหน้า 5; บาดเจ็บ: -; สูญหาย: -; คงเครื่องหมาย - และช่องว่างตามต้นฉบับ | O92: 46296.629 | P92: https://backofficeminisite.disaster.go.th/apiv1/apps/minisite_directing/194/content/8728/download?filename=5d20575fa6cbe9d1e5a046aeef36e7a3.pdf
A93: 2026-09-30_ชัยภูมิ_อุทกภัย | B93: 46295 | C93: ภาคตะวันออกเฉียงเหนือ | D93: ชัยภูมิ | E93: อุทกภัย | F93: 3 | G93: อ.เกษตรสมบูรณ์ อ.บำเหน็จณรงค์ อ.ภูเขียว | H93: 10 | I93: 34 | J93: 39 | K93: - | L93: ลดลง | M93: กำลังประสบภัย | N93: ปภ. รายงาน 545/2569 วันที่ 30 ก.ย. 2569 เวลา 06.00 น. ตารางหน้า 6; บาดเจ็บ: -; สูญหาย: -; คงเครื่องหมาย - และช่องว่างตามต้นฉบับ | O93: 46296.629 | P93: https://backofficeminisite.disaster.go.th/apiv1/apps/minisite_directing/194/content/8728/download?filename=5d20575fa6cbe9d1e5a046aeef36e7a3.pdf
A94: 2026-09-30_นครราชสีมา_อุทกภัย | B94: 46295 | C94: ภาคตะวันออกเฉียงเหนือ | D94: นครราชสีมา | E94: อุทกภัย | F94: 3 | G94: อ.ปากช่อง อ.ปักธงชัย อ.ด่านขุนทด | H94: 3 | I94: 4 | J94: 95 | K94: - | L94: ลดลง | M94: กำลังประสบภัย | N94: ปภ. รายงาน 545/2569 วันที่ 30 ก.ย. 2569 เวลา 06.00 น. ตารางหน้า 6; บาดเจ็บ: -; สูญหาย: -; คงเครื่องหมาย - และช่องว่างตามต้นฉบับ | O94: 46296.629 | P94: https://backofficeminisite.disaster.go.th/apiv1/apps/minisite_directing/194/content/8728/download?filename=5d20575fa6cbe9d1e5a046aeef36e7a3.pdf
A95: 2026-09-30_สุรินทร์_อุทกภัย | B95: 46295 | C95: ภาคตะวันออกเฉียงเหนือ | D95: สุรินทร์ | E95: อุทกภัย | F95: 2 | G95: อ.พนมดงรัก อ.ปราสาท | H95: 10 | I95: 65 | J95: 200 | K95: - | L95: ลดลง | M95: กำลังประสบภัย | N95: ปภ. รายงาน 545/2569 วันที่ 30 ก.ย. 2569 เวลา 06.00 น. ตารางหน้า 6; บาดเจ็บ: -; สูญหาย: -; คงเครื่องหมาย - และช่องว่างตามต้นฉบับ | O95: 46296.629 | P95: https://backofficeminisite.disaster.go.th/apiv1/apps/minisite_directing/194/content/8728/download?filename=5d20575fa6cbe9d1e5a046aeef36e7a3.pdf
A96: 2026-09-30_กรุงเทพมหานคร_อุทกภัย | B96: 46295 | C96: กรุงเทพมหานคร | D96: กรุงเทพมหานคร | E96: อุทกภัย | F96: - | G96: - | H96: - | I96: - | J96: 329000 | K96: 4 | L96: ทรงตัว | M96: กำลังประสบภัย | N96: ปภ. รายงาน 545/2569 วันที่ 30 ก.ย. 2569 เวลา 06.00 น. ตารางหน้า 6; บาดเจ็บ: -; สูญหาย: -; คงเครื่องหมาย - และช่องว่างตามต้นฉบับ | O96: 46296.629 | P96: https://backofficeminisite.disaster.go.th/apiv1/apps/minisite_directing/194/content/8728/download?filename=5d20575fa6cbe9d1e5a046aeef36e7a3.pdf
A97: 2026-10-03_เพชรบูรณ์_อุทกภัย | B97: 46298 | C97: ภาคเหนือ | D97: เพชรบูรณ์ | E97: อุทกภัย | F97: 6 | G97: อ.เมืองฯ อ.ชนแดน อ.บึงสามพัน อ.วิเชียรบุรี อ.ศรีเทพ อ.หนองไผ่ | H97: 9 | I97: 19 | J97: 82 | K97: - | L97: ลดลง | M97: กำลังประสบภัย | N97: ปภ. รายงาน 551/2569 วันที่ 3 ต.ค. 2569 เวลา 06.00 น. ตารางหน้า 1; บาดเจ็บ: -; สูญหาย: -; คงเครื่องหมาย - และช่องว่างตามต้นฉบับ ปภ. | O97: 46298.344 | P97: https://direct.disaster.go.th/directing/home
A98: 2026-10-03_นครสวรรค์_อุทกภัย | B98: 46298 | C98: ภาคเหนือ | D98: นครสวรรค์ | E98: อุทกภัย | F98: 14 | G98: อ.พยุหะคีรี อ.แม่วงก์ อ.ตาคลี อ.ไพศาลี อ.ลาดยาว อ.บรรพตพิสัย อ.เก้าเลี้ยว อ.เมืองฯ อ.ชุมแสง อ.ท่าตะโก อ.ตากฟ้า อ.โกรกพระ อ.ชุมตาบง อ.หนองบัว | H98: 92 | I98: 514 | J98: 13013 | K98: - | L98: เพิ่มขึ้น | M98: กำลังประสบภัย | N98: ปภ. รายงาน 551/2569 วันที่ 3 ต.ค. 2569 เวลา 06.00 น. ตารางหน้า 2; บาดเจ็บ: -; สูญหาย: -; คงเครื่องหมาย - และช่องว่างตามต้นฉบับ ปภ. | O98: 46298.344 | P98: https://direct.disaster.go.th/directing/home
A99: 2026-10-03_อุทัยธานี_อุทกภัย | B99: 46298 | C99: ภาคกลาง | D99: อุทัยธานี | E99: อุทกภัย | F99: 8 | G99: อ.หนองฉาง อ.ห้วยคต อ.สว่างอารมณ์ อ.หนองขาหย่าง อ.บ้านไร่ อ.ลานสัก อ.เมืองฯ อ.ทัพทัน | H99: 56 | I99: 413 | J99: 4785 | K99: - | L99: เพิ่มขึ้น | M99: กำลังประสบภัย | N99: ปภ. รายงาน 551/2569 วันที่ 3 ต.ค. 2569 เวลา 06.00 น. ตารางหน้า 2; บาดเจ็บ: -; สูญหาย: -; คงเครื่องหมาย - และช่องว่างตามต้นฉบับ ปภ. | O99: 46298.344 | P99: https://direct.disaster.go.th/directing/home
A100: 2026-10-03_ลพบุรี_อุทกภัย | B100: 46298 | C100: ภาคกลาง | D100: ลพบุรี | E100: อุทกภัย | F100: 1 | G100: อ.บ้านหมี่ | H100: 7 | I100: 30 | J100: 975 | K100: - | L100: ลดลง | M100: กำลังประสบภัย | N100: ปภ. รายงาน 551/2569 วันที่ 3 ต.ค. 2569 เวลา 06.00 น. ตารางหน้า 2; บาดเจ็บ: -; สูญหาย: -; คงเครื่องหมาย - และช่องว่างตามต้นฉบับ ปภ. | O100: 46298.344 | P100: https://direct.disaster.go.th/directing/home
...

Sheet Vulnerable_group
A1: เขตสุขภาพ | B1: จังหวัด | C1: จำนวนเด็ก 0-4 ปีทั้งหมด (คน) | D1: จำนวนหญิงตั้งครรภ์ทั้งหมด (คน) | E1: จำนวนผู้สูงอายุ 60 ปีขึ้นไปทั้งหมด (คน) | F1: รวมทั้งหมด
A2: เขตสุขภาพที่ 1 | B2: เชียงใหม่ | C2: 34889 | D2: 1647 | E2: 356071 | F2: =SUM(C2:E2) -> 392607
A3: เขตสุขภาพที่ 1 | B3: เชียงราย | C3: 32927 | D3: 1619 | E3: 262286 | F3: =SUM(C3:E3) -> 296832
A4: เขตสุขภาพที่ 1 | B4: แพร่ | C4: 17979 | D4: 502 | E4: 114352 | F4: =SUM(C4:E4) -> 132833
A5: เขตสุขภาพที่ 1 | B5: น่าน | C5: 14389 | D5: 879 | E5: 115363 | F5: =SUM(C5:E5) -> 130631
A6: เขตสุขภาพที่ 1 | B6: พะเยา | C6: 9702 | D6: 505 | E6: 118441 | F6: =SUM(C6:E6) -> 128648
A7: เขตสุขภาพที่ 1 | B7: ลำปาง | C7: 14220 | D7: 836 | E7: 188404 | F7: =SUM(C7:E7) -> 203460
A8: เขตสุขภาพที่ 1 | B8: ลำพูน | C8: 8027 | D8: 477 | E8: 112547 | F8: =SUM(C8:E8) -> 121051
A9: เขตสุขภาพที่ 1 | B9: แม่ฮ่องสอน | C9: 9249 | D9: 664 | E9: 36227 | F9: =SUM(C9:E9) -> 46140
A10: เขตสุขภาพที่ 2 | B10: ตาก | C10: 24370 | D10: 1947 | E10: 82855 | F10: =SUM(C10:E10) -> 109172
A11: เขตสุขภาพที่ 2 | B11: เพชรบูรณ์ | C11: 22824 | D11: 1550 | E11: 179264 | F11: =SUM(C11:E11) -> 203638
A12: เขตสุขภาพที่ 2 | B12: พิษณุโลก | C12: 17583 | D12: 1039 | E12: 178853 | F12: =SUM(C12:E12) -> 197475
A13: เขตสุขภาพที่ 2 | B13: อุตรดิตถ์ | C13: 9054 | D13: 577 | E13: 104747 | F13: =SUM(C13:E13) -> 114378
... A78: เขตสุขภาพที่ 13 | B78: กรุงเทพมหานคร | C78: 188530 | D78: 48812 | E78: 1335665 | F78: =SUM(C78:E78) -> 1573007

Sheet Dashboard
B1: Disaster Situation Dashboard
B3: Total Affected Provinces | D3: Total Affected Households | F3: Total Fatalities | H3: Total Affected Districts
B4: =IFERROR(__xludf.DUMMYFUNCTION("LET(latest, INDEX(SORT(FILTER(Disaster_DB!B2:B1000, Disaster_DB!B2:B1000<>""""), 1, FALSE), 1), COUNTIFS(Disaster_DB!B2:B1000, latest))"),27.0) -> 27 | D4: =IFERROR(__xludf.DUMMYFUNCTION("LET(latest, INDEX(SORT(FILTER(Disaster_DB!B2:B1000, Disaster_DB!B2:B1000<>""""), 1, FALSE), 1), SUM(ARRAYFORMULA(IF(Disaster_DB!B2:B1000=latest, IFERROR(VALUE(Disaster_DB!J2:J1000), 0), 0))))"),1175292.0) -> 1175292 | F4: =IFERROR(__xludf.DUMMYFUNCTION("LET(latest, INDEX(SORT(FILTER(Disaster_DB!B2:B1000, Disaster_DB!B2:B1000<>""""), 1, FALSE), 1), SUM(ARRAYFORMULA(IF(Disaster_DB!B2:B1000=latest, IFERROR(VALUE(Disaster_DB!K2:K1000), 0), 0))))"),24.0) -> 24 | H4: =IFERROR(__xludf.DUMMYFUNCTION("LET(latest, INDEX(SORT(FILTER(Disaster_DB!B2:B1000, Disaster_DB!B2:B1000<>""""), 1, FALSE), 1), SUM(ARRAYFORMULA(IF(Disaster_DB!B2:B1000=latest, IFERROR(VALUE(Disaster_DB!F2:F1000), 0), 0))))"),162.0) -> 162
B7: Region | C7: Number of Provinces | D7: Total Affected Households | E7: Total Deaths | F7: Rising Water Trend Count | H7: Province | I7: Affected Households
B8: ภาคเหนือ | C8: =COUNTIFS(Disaster_DB!$C$2:$C$123, $B8, Disaster_DB!$B$2:$B$123, MAX(Disaster_DB!$B$2:$B$123)) -> 2 | D8: =SUMIFS(Disaster_DB!$J$2:$J$123, Disaster_DB!$C$2:$C$123, $B8, Disaster_DB!$B$2:$B$123, MAX(Disaster_DB!$B$2:$B$123)) -> 13095 | E8: =SUMIFS(Disaster_DB!$K$2:$K$123, Disaster_DB!$C$2:$C$123, $B8, Disaster_DB!$B$2:$B$123, MAX(Disaster_DB!$B$2:$B$123)) -> 0 | F8: =COUNTIFS(Disaster_DB!$C$2:$C$123, $B8, Disaster_DB!$L$2:$L$123, "เพิ่มขึ้น", Disaster_DB!$B$2:$B$123, MAX(Disaster_DB!$B$2:$B$123)) -> 1 | H8: =IFERROR(__xludf.DUMMYFUNCTION("QUERY(Disaster_DB!A2:P123, ""SELECT D, J WHERE D IS NOT NULL AND B = date '"" & YEAR(MAX(Disaster_DB!$B$2:$B$123)) & ""-"" & TEXT(MONTH(MAX(Disaster_DB!$B$2:$B$123)),""00"") & ""-"" & TEXT(DAY(MAX(Disaster_DB!$B$2:$B$123)),""00"") & ""' ORDER BY J DESC LI"&"MIT 5"", 0)"),"กรุงเทพมหานคร") -> กรุงเทพมหานคร | I8: =IFERROR(__xludf.DUMMYFUNCTION("""COMPUTED_VALUE"""),329000.0) -> 329000
B9: ภาคกลาง | C9: =COUNTIFS(Disaster_DB!$C$2:$C$123, $B9, Disaster_DB!$B$2:$B$123, MAX(Disaster_DB!$B$2:$B$123)) -> 14 | D9: =SUMIFS(Disaster_DB!$J$2:$J$123, Disaster_DB!$C$2:$C$123, $B9, Disaster_DB!$B$2:$B$123, MAX(Disaster_DB!$B$2:$B$123)) -> 550719 | E9: =SUMIFS(Disaster_DB!$K$2:$K$123, Disaster_DB!$C$2:$C$123, $B9, Disaster_DB!$B$2:$B$123, MAX(Disaster_DB!$B$2:$B$123)) -> 12 | F9: =COUNTIFS(Disaster_DB!$C$2:$C$123, $B9, Disaster_DB!$L$2:$L$123, "เพิ่มขึ้น", Disaster_DB!$B$2:$B$123, MAX(Disaster_DB!$B$2:$B$123)) -> 9 | H9: =IFERROR(__xludf.DUMMYFUNCTION("""COMPUTED_VALUE"""),"สมุทรปราการ") -> สมุทรปราการ | I9: =IFERROR(__xludf.DUMMYFUNCTION("""COMPUTED_VALUE"""),223346.0) -> 223346
B10: ภาคตะวันออก | C10: =COUNTIFS(Disaster_DB!$C$2:$C$123, $B10, Disaster_DB!$B$2:$B$123, MAX(Disaster_DB!$B$2:$B$123)) -> 7 | D10: =SUMIFS(Disaster_DB!$J$2:$J$123, Disaster_DB!$C$2:$C$123, $B10, Disaster_DB!$B$2:$B$123, MAX(Disaster_DB!$B$2:$B$123)) -> 282006 | E10: =SUMIFS(Disaster_DB!$K$2:$K$123, Disaster_DB!$C$2:$C$123, $B10, Disaster_DB!$B$2:$B$123, MAX(Disaster_DB!$B$2:$B$123)) -> 8 | F10: =COUNTIFS(Disaster_DB!$C$2:$C$123, $B10, Disaster_DB!$L$2:$L$123, "เพิ่มขึ้น", Disaster_DB!$B$2:$B$123, MAX(Disaster_DB!$B$2:$B$123)) -> 3 | H10: =IFERROR(__xludf.DUMMYFUNCTION("""COMPUTED_VALUE"""),"ปทุมธานี") -> ปทุมธานี | I10: =IFERROR(__xludf.DUMMYFUNCTION("""COMPUTED_VALUE"""),169724.0) -> 169724
B11: ภาคตะวันออกเฉียงเหนือ | C11: =COUNTIFS(Disaster_DB!$C$2:$C$123, $B11, Disaster_DB!$B$2:$B$123, MAX(Disaster_DB!$B$2:$B$123)) -> 3 | D11: =SUMIFS(Disaster_DB!$J$2:$J$123, Disaster_DB!$C$2:$C$123, $B11, Disaster_DB!$B$2:$B$123, MAX(Disaster_DB!$B$2:$B$123)) -> 472 | E11: =SUMIFS(Disaster_DB!$K$2:$K$123, Disaster_DB!$C$2:$C$123, $B11, Disaster_DB!$B$2:$B$123, MAX(Disaster_DB!$B$2:$B$123)) -> 0 | F11: =COUNTIFS(Disaster_DB!$C$2:$C$123, $B11, Disaster_DB!$L$2:$L$123, "เพิ่มขึ้น", Disaster_DB!$B$2:$B$123, MAX(Disaster_DB!$B$2:$B$123)) -> 0 | H11: =IFERROR(__xludf.DUMMYFUNCTION("""COMPUTED_VALUE"""),"ชลบุรี") -> ชลบุรี | I11: =IFERROR(__xludf.DUMMYFUNCTION("""COMPUTED_VALUE"""),118723.0) -> 118723
B12: กรุงเทพมหานคร | C12: =COUNTIFS(Disaster_DB!$C$2:$C$123, $B12, Disaster_DB!$B$2:$B$123, MAX(Disaster_DB!$B$2:$B$123)) -> 1 | D12: =SUMIFS(Disaster_DB!$J$2:$J$123, Disaster_DB!$C$2:$C$123, $B12, Disaster_DB!$B$2:$B$123, MAX(Disaster_DB!$B$2:$B$123)) -> 329000 | E12: =SUMIFS(Disaster_DB!$K$2:$K$123, Disaster_DB!$C$2:$C$123, $B12, Disaster_DB!$B$2:$B$123, MAX(Disaster_DB!$B$2:$B$123)) -> 4 | F12: =COUNTIFS(Disaster_DB!$C$2:$C$123, $B12, Disaster_DB!$L$2:$L$123, "เพิ่มขึ้น", Disaster_DB!$B$2:$B$123, MAX(Disaster_DB!$B$2:$B$123)) -> 0 | H12: =IFERROR(__xludf.DUMMYFUNCTION("""COMPUTED_VALUE"""),"ฉะเชิงเทรา") -> ฉะเชิงเทรา | I12: =IFERROR(__xludf.DUMMYFUNCTION("""COMPUTED_VALUE"""),54647.0) -> 54647

Sheet BKK_water_DB
A1: station_id | B1: station_code | C1: station_name | D1: district_or_area | E1: canal | F1: latitude | G1: longitude | H1: observed_at_th | I1: water_in_m_msl | J1: water_out01_m_msl | K1: water_out02_m_msl | L1: warning_in_source | M1: critical_in_source | N1: flood_status_source | O1: sensor_status_source | P1: flood_status_code | Q1: sensor_status_code | R1: age_minutes_at_fetch | S1: freshness_at_fetch | T1: has_minus99_source | U1: fetched_at_th | V1: source_url | W1: raw_station_json
A2: THAIWATER:153 | B2: WL.PSC.04 | C2: ค.ภาษีเจริญ-ค.มหาศร | D2: หนองแขม | F2: 13.68138 | G2: 100.35047 | H2: 2021-01-22T12:05:00+07:00 | I2: 0.12 | N2: ไม่ทราบ | O2: ไม่ทราบ | R2: 2995372.6 | S2: ข้อมูลเก่าเกิน 48 ชม. | T2: FALSE | U2: 2026-10-03T14:57:33+07:00 | V2: https://api-v3.thaiwater.net/api/v1/thaiwater30/public/canal_waterlevel | W2: {"canal_datetime":"2021-01-22 12:05","canal_value":0.12,"canal_out":0,"agency":{"agency_name":{"th":"สำนักการระบายน้ำ กรุงเทพมหานคร","en":"Department of Bangkok","jp":""}},"geocode":{"area_code":"1","area_name":{"th":"กรุงเทพมหานคร","en":"Bangkok"},"amphoe_name":{"th":"หนองแขม","en":"Nong Khaem District"},"tumbon_name":{"th":"หนองแขม","en":"Nong Khaem"},"province_code":"10","province_name":{"th":"กรุงเทพมหานคร","en":"Bangkok"}},"station":{"id":153,"canal_name":{"th":"ค.ภาษีเจริญ-ค.มหาศร"},"canal_lat":13.68138,"canal_long":100.35047,"canal_oldcode":"WL.PSC.04","bank":null,"warning_level":null,"critical_level":null}}
A3: THAIWATER:218 | B3: WL.LBK.02 | C3: ค.ลาดบัวขาว ถ.เคหะร่มเกล้า | D3: สะพานสูง | F3: 13.76991 | G3: 100.71494 | H3: 2026-09-28T13:20:00+07:00 | I3: 0.95 | L3: 0.3 | M3: 0.4 | N3: ไม่ทราบ | O3: ไม่ทราบ | R3: 7297.6 | S3: ข้อมูลเก่าเกิน 48 ชม. | T3: FALSE | U3: 2026-10-03T14:57:33+07:00 | V3: https://api-v3.thaiwater.net/api/v1/thaiwater30/public/canal_waterlevel | W3: {"canal_datetime":"2026-09-28 13:20","canal_value":0.95,"canal_out":0,"agency":{"agency_name":{"th":"สำนักการระบายน้ำ กรุงเทพมหานคร","en":"Department of Bangkok","jp":""}},"geocode":{"area_code":"1","area_name":{"th":"กรุงเทพมหานคร","en":"Bangkok"},"amphoe_name":{"th":"สะพานสูง","en":"Saphan Sung District"},"tumbon_name":{"th":"สะพานสูง","en":"Saphan Sung"},"province_code":"10","province_name":{"th":"กรุงเทพมหานคร","en":"Bangkok"}},"station":{"id":218,"canal_name":{"th":"ค.ลาดบัวขาว ถ.เคหะร่มเกล้า"},"canal_lat":13.76991,"canal_long":100.71494,"canal_oldcode":"WL.LBK.02","bank":1,"warning_level":0.3,"critical_level":0.4}}
A4: THAIWATER:185 | B4: WL.LPI.02 | C4: ค.หลุมไผ่ ถ.ประเสริฐมนูกิจ29 | D4: ลาดพร้าว | F4: 13.84703 | G4: 100.6218 | H4: 2026-09-28T13:24:00+07:00 | I4: 1.12 | L4: 0.7 | M4: 0.9 | N4: ไม่ทราบ | O4: ไม่ทราบ | R4: 7293.6 | S4: ข้อมูลเก่าเกิน 48 ชม. | T4: FALSE | U4: 2026-10-03T14:57:33+07:00 | V4: https://api-v3.thaiwater.net/api/v1/thaiwater30/public/canal_waterlevel | W4: {"canal_datetime":"2026-09-28 13:24","canal_value":1.12,"canal_out":0,"agency":{"agency_name":{"th":"สำนักการระบายน้ำ กรุงเทพมหานคร","en":"Department of Bangkok","jp":""}},"geocode":{"area_code":"1","area_name":{"th":"กรุงเทพมหานคร","en":"Bangkok"},"amphoe_name":{"th":"ลาดพร้าว","en":"Lat Phrao District"},"tumbon_name":{"th":"จรเข้บัว","en":"Chorakhe Bua"},"province_code":"10","province_name":{"th":"กรุงเทพมหานคร","en":"Bangkok"}},"station":{"id":185,"canal_name":{"th":"ค.หลุมไผ่ ถ.ประเสริฐมนูกิจ29"},"canal_lat":13.84703,"canal_long":100.6218,"canal_oldcode":"WL.LPI.02","bank":1.8,"warning_level":0.7,"critical_level":0.9}}
A5: THAIWATER:212 | B5: WL.SSB.05 | C5: ค.แสนแสบ รามคำแหง 9 | D5: บางกะปิ | F5: 13.75228 | G5: 100.60555 | H5: 2023-10-23T11:05:00+07:00 | I5: -0.71 | L5: -0.1 | M5: 0.1 | N5: ไม่ทราบ | O5: ไม่ทราบ | R5: 1549672.6 | S5: ข้อมูลเก่าเกิน 48 ชม. | T5: FALSE | U5: 2026-10-03T14:57:33+07:00 | V5: https://api-v3.thaiwater.net/api/v1/thaiwater30/public/canal_waterlevel | W5: {"canal_datetime":"2023-10-23 11:05","canal_value":-0.71,"canal_out":0,"agency":{"agency_name":{"th":"สำนักการระบายน้ำ กรุงเทพมหานคร","en":"Department of Bangkok","jp":""}},"geocode":{"area_code":"1","area_name":{"th":"กรุงเทพมหานคร","en":"Bangkok"},"amphoe_name":{"th":"บางกะปิ","en":"Bang Kapi District"},"tumbon_name":{"th":"หัวหมาก","en":"Hua Mak"},"province_code":"10","province_name":{"th":"กรุงเทพมหานคร","en":"Bangkok"}},"station":{"id":212,"canal_name":{"th":"ค.แสนแสบ รามคำแหง 9"},"canal_lat":13.75228,"canal_long":100.60555,"canal_oldcode":"WL.SSB.05","bank":2,"warning_level":-0.1,"critical_level":0.1}}
A6: THAIWATER:99 | B6: WL.KKO.01 | C6: ค.เก้า-วัดศรีสุขฯ | D6: คลองสามวา | F6: 13.92055 | G6: 100.79237 | H6: 2026-09-28T13:20:00+07:00 | I6: 1.69 | L6: 1.2 | M6: 1.7 | N6: ไม่ทราบ | O6: ไม่ทราบ | R6: 7297.6 | S6: ข้อมูลเก่าเกิน 48 ชม. | T6: FALSE | U6: 2026-10-03T14:57:33+07:00 | V6: https://api-v3.thaiwater.net/api/v1/thaiwater30/public/canal_waterlevel | W6: {"canal_datetime":"2026-09-28 13:20","canal_value":1.69,"canal_out":0,"agency":{"agency_name":{"th":"สำนักการระบายน้ำ กรุงเทพมหานคร","en":"Department of Bangkok","jp":""}},"geocode":{"area_code":"1","area_name":{"th":"กรุงเทพมหานคร","en":"Bangkok"},"amphoe_name":{"th":"คลองสามวา","en":"Khlong Sam Wa District"},"tumbon_name":{"th":"สามวาตะวันออก","en":"Sam Wa Tawan Ok"},"province_code":"10","province_name":{"th":"กรุงเทพมหานคร","en":"Bangkok"}},"station":{"id":99,"canal_name":{"th":"ค.เก้า-วัดศรีสุขฯ"},"canal_lat":13.92055,"canal_long":100.79237,"canal_oldcode":"WL.KKO.01","bank":1.85,"warning_level":1.2,"critical_level":1.7}}
A7: THAIWATER:80 | B7: WL.KKS.04 | C7: ส.กรุงเกษม | D7: สัมพันธวงศ์ | F7: 13.73035 | G7: 100.5141 | H7: 2026-09-28T13:20:00+07:00 | I7: -0.25 | L7: 2.6 | M7: 2.8 | N7: ไม่ทราบ | O7: ไม่ทราบ | R7: 7297.6 | S7: ข้อมูลเก่าเกิน 48 ชม. | T7: FALSE | U7: 2026-10-03T14:57:33+07:00 | V7: https://api-v3.thaiwater.net/api/v1/thaiwater30/public/canal_waterlevel | W7: {"canal_datetime":"2026-09-28 13:20","canal_value":-0.25,"canal_out":0.86,"agency":{"agency_name":{"th":"สำนักการระบายน้ำ กรุงเทพมหานคร","en":"Department of Bangkok","jp":""}},"geocode":{"area_code":"1","area_name":{"th":"กรุงเทพมหานคร","en":"Bangkok"},"amphoe_name":{"th":"สัมพันธวงศ์","en":"Samphanthawong District"},"tumbon_name":{"th":"ตลาดน้อย","en":"Talat Noi"},"province_code":"10","province_name":{"th":"กรุงเทพมหานคร","en":"Bangkok"}},"station":{"id":80,"canal_name":{"th":"ส.กรุงเกษม"},"canal_lat":13.73035,"canal_long":100.5141,"canal_oldcode":"WL.KKS.04","bank":2.8,"warning_level":2.6,"critical_level":2.8}}
A8: THAIWATER:232 | B8: WL.BTY.01 | C8: ค.บางเตย ถ.นวมินทร์ 66/3 | D8: บึงกุ่ม | F8: 13.8065 | G8: 100.64899 | H8: 2026-09-28T13:20:00+07:00 | I8: 0.91 | L8: 0.4 | M8: 0.5 | N8: ไม่ทราบ | O8: ไม่ทราบ | R8: 7297.6 | S8: ข้อมูลเก่าเกิน 48 ชม. | T8: FALSE | U8: 2026-10-03T14:57:33+07:00 | V8: https://api-v3.thaiwater.net/api/v1/thaiwater30/public/canal_waterlevel | W8: {"canal_datetime":"2026-09-28 13:20","canal_value":0.91,"canal_out":0,"agency":{"agency_name":{"th":"สำนักการระบายน้ำ กรุงเทพมหานคร","en":"Department of Bangkok","jp":""}},"geocode":{"area_code":"1","area_name":{"th":"กรุงเทพมหานคร","en":"Bangkok"},"amphoe_name":{"th":"บึงกุ่ม","en":"Bueng Kum District"},"tumbon_name":{"th":"คลองกุ่ม","en":"Khlong Kum"},"province_code":"10","province_name":{"th":"กรุงเทพมหานคร","en":"Bangkok"}},"station":{"id":232,"canal_name":{"th":"ค.บางเตย ถ.นวมินทร์ 66/3"},"canal_lat":13.8065,"canal_long":100.64899,"canal_oldcode":"WL.BTY.01","bank":1.8,"warning_level":0.4,"critical_level":0.5}}
A9: THAIWATER:225 | B9: WL.RSK.01 | C9: ค.ราษฎร์สามัคคี ถ.เพชรเกษม 63 | D9: บางแค | F9: 13.70339 | G9: 100.39142 | H9: 2026-09-27T00:05:00+07:00 | I9: 0.79 | L9: 0.6 | M9: 0.7 | N9: ไม่ทราบ | O9: ไม่ทราบ | R9: 9532.6 | S9: ข้อมูลเก่าเกิน 48 ชม. | T9: FALSE | U9: 2026-10-03T14:57:33+07:00 | V9: https://api-v3.thaiwater.net/api/v1/thaiwater30/public/canal_waterlevel | W9: {"canal_datetime":"2026-09-27 00:05","canal_value":0.79,"canal_out":0,"agency":{"agency_name":{"th":"สำนักการระบายน้ำ กรุงเทพมหานคร","en":"Department of Bangkok","jp":""}},"geocode":{"area_code":"1","area_name":{"th":"กรุงเทพมหานคร","en":"Bangkok"},"amphoe_name":{"th":"บางแค","en":"Bang Khae District"},"tumbon_name":{"th":"หลักสอง","en":"Lak Song"},"province_code":"10","province_name":{"th":"กรุงเทพมหานคร","en":"Bangkok"}},"station":{"id":225,"canal_name":{"th":"ค.ราษฎร์สามัคคี ถ.เพชรเกษม 63"},"canal_lat":13.70339,"canal_long":100.39142,"canal_oldcode":"WL.RSK.01","bank":1.85,"warning_level":0.6,"critical_level":0.7}}
A10: THAIWATER:256 | B10: WL.SBR.02 | C10: ค.บางขุนศรีบุรีรักษ์ ถ.บรมราชชนนี | D10: ทวีวัฒนา | F10: 13.78651 | G10: 100.37053 | H10: 2026-09-28T13:20:00+07:00 | I10: 0.82 | L10: 0.9 | M10: 1 | N10: ไม่ทราบ | O10: ไม่ทราบ | R10: 7297.6 | S10: ข้อมูลเก่าเกิน 48 ชม. | T10: FALSE | U10: 2026-10-03T14:57:33+07:00 | V10: https://api-v3.thaiwater.net/api/v1/thaiwater30/public/canal_waterlevel | W10: {"canal_datetime":"2026-09-28 13:20","canal_value":0.82,"canal_out":0,"agency":{"agency_name":{"th":"สำนักการระบายน้ำ กรุงเทพมหานคร","en":"Department of Bangkok","jp":""}},"geocode":{"area_code":"1","area_name":{"th":"กรุงเทพมหานคร","en":"Bangkok"},"amphoe_name":{"th":"ทวีวัฒนา","en":"Thawi Watthana District"},"tumbon_name":{"th":"ศาลาธรรมสพน์","en":"Sala Thammasop"},"province_code":"10","province_name":{"th":"กรุงเทพมหานคร","en":"Bangkok"}},"station":{"id":256,"canal_name":{"th":"ค.บางขุนศรีบุรีรักษ์ ถ.บรมราชชนนี"},"canal_lat":13.78651,"canal_long":100.37053,"canal_oldcode":"WL.SBR.02","bank":1.1,"warning_level":0.9,"critical_level":1}}
A11: THAIWATER:275 | B11: WL.KKS.03 | C11: ค.ผดุงกรุงเกษม หัวลำโพง | D11: ปทุมวัน | F11: 13.74126 | G11: 100.51582 | H11: 2026-09-28T13:20:00+07:00 | I11: -0.28 | L11: 0.6 | M11: 0.7 | N11: ไม่ทราบ | O11: ไม่ทราบ | R11: 7297.6 | S11: ข้อมูลเก่าเกิน 48 ชม. | T11: FALSE | U11: 2026-10-03T14:57:33+07:00 | V11: https://api-v3.thaiwater.net/api/v1/thaiwater30/public/canal_waterlevel | W11: {"canal_datetime":"2026-09-28 13:20","canal_value":-0.28,"canal_out":0,"agency":{"agency_name":{"th":"สำนักการระบายน้ำ กรุงเทพมหานคร","en":"Department of Bangkok","jp":""}},"geocode":{"area_code":"1","area_name":{"th":"กรุงเทพมหานคร","en":"Bangkok"},"amphoe_name":{"th":"ปทุมวัน","en":"Pathum Wan District"},"tumbon_name":{"th":"รองเมือง","en":"Rong Mueang"},"province_code":"10","province_name":{"th":"กรุงเทพมหานคร","en":"Bangkok"}},"station":{"id":275,"canal_name":{"th":"ค.ผดุงกรุงเกษม หัวลำโพง"},"canal_lat":13.74126,"canal_long":100.51582,"canal_oldcode":"WL.KKS.03","bank":1,"warning_level":0.6,"critical_level":0.7}}
A12: THAIWATER:148 | B12: WL.RMT.01 | C12: ส.คลองพระยาราชมนตรี | D12: บางขุนเทียน | F12: 13.62817 | G12: 100.43914 | H12: 2026-09-28T13:20:00+07:00 | I12: -0.75 | L12: 1 | M12: 1.2 | N12: ไม่ทราบ | O12: ไม่ทราบ | R12: 7297.6 | S12: ข้อมูลเก่าเกิน 48 ชม. | T12: FALSE | U12: 2026-10-03T14:57:33+07:00 | V12: https://api-v3.thaiwater.net/api/v1/thaiwater30/public/canal_waterlevel | W12: {"canal_datetime":"2026-09-28 13:20","canal_value":-0.75,"canal_out":1,"agency":{"agency_name":{"th":"สำนักการระบายน้ำ กรุงเทพมหานคร","en":"Department of Bangkok","jp":""}},"geocode":{"area_code":"1","area_name":{"th":"กรุงเทพมหานคร","en":"Bangkok"},"amphoe_name":{"th":"บางขุนเทียน","en":"Bang Khun Thian District"},"tumbon_name":{"th":"แสมดำ","en":"Samae Dam"},"province_code":"10","province_name":{"th":"กรุงเทพมหานคร","en":"Bangkok"}},"station":{"id":148,"canal_name":{"th":"ส.คลองพระยาราชมนตรี"},"canal_lat":13.62817,"canal_long":100.43914,"canal_oldcode":"WL.RMT.01","bank":1.98,"warning_level":1,"critical_level":1.2}}
A13: THAIWATER:155 | B13: WL.SNC.01 | C13: ส.คลองสนามชัย | D13: บางขุนเทียน | F13: 13.63806 | G13: 100.44765 | H13: 2026-09-28T13:20:00+07:00 | I13: -0.26 | L13: 1 | M13: 1.2 | N13: ไม่ทราบ | O13: ไม่ทราบ | R13: 7297.6 | S13: ข้อมูลเก่าเกิน 48 ชม. | T13: FALSE | U13: 2026-10-03T14:57:33+07:00 | V13: https://api-v3.thaiwater.net/api/v1/thaiwater30/public/canal_waterlevel | W13: {"canal_datetime":"2026-09-28 13:20","canal_value":-0.26,"canal_out":1.2,"agency":{"agency_name":{"th":"สำนักการระบายน้ำ กรุงเทพมหานคร","en":"Department of Bangkok","jp":""}},"geocode":{"area_code":"1","area_name":{"th":"กรุงเทพมหานคร","en":"Bangkok"},"amphoe_name":{"th":"บางขุนเทียน","en":"Bang Khun Thian District"},"tumbon_name":{"th":"ท่าข้าม","en":"Tha Kham"},"province_code":"10","province_name":{"th":"กรุงเทพมหานคร","en":"Bangkok"}},"station":{"id":155,"canal_name":{"th":"ส.คลองสนามชัย"},"canal_lat":13.63806,"canal_long":100.44765,"canal_oldcode":"WL.SNC.01","bank":1.98,"warning_level":1,"critical_level":1.2}}
A14: THAIWATER:46 | B14: WL.BJK.04 | C14: ค.บางจาก ถ.พุทธฯสาย 2 | D14: บางแค | F14: 13.71484 | G14: 100.39596 | H14: 2026-09-28T13:20:00+07:00 | I14: 0.64 | L14: 0.6 | M14: 0.7 | N14: ไม่ทราบ | O14: ไม่ทราบ | R14: 7297.6 | S14: ข้อมูลเก่าเกิน 48 ชม. | T14: FALSE | U14: 2026-10-03T14:57:33+07:00 | V14: https://api-v3.thaiwater.net/api/v1/thaiwater30/public/canal_waterlevel | W14: {"canal_datetime":"2026-09-28 13:20","canal_value":0.64,"canal_out":0,"agency":{"agency_name":{"th":"สำนักการระบายน้ำ กรุงเทพมหานคร","en":"Department of Bangkok","jp":""}},"geocode":{"area_code":"1","area_name":{"th":"กรุงเทพมหานคร","en":"Bangkok"},"amphoe_name":{"th":"บางแค","en":"Bang Khae District"},"tumbon_name":{"th":"บางแคเหนือ","en":"Bang Khae Nuea"},"province_code":"10","province_name":{"th":"กรุงเทพมหานคร","en":"Bangkok"}},"station":{"id":46,"canal_name":{"th":"ค.บางจาก ถ.พุทธฯสาย 2 "},"canal_lat":13.71484,"canal_long":100.39596,"canal_oldcode":"WL.BJK.04","bank":1.59,"warning_level":0.6,"critical_level":0.7}}
... A19: THAIWATER:199 | B19: WL.CTC.01 | C19: ค.ชวดตาเชียง ส.คลองชวดตาเชียง | D19: ห้วยขวาง | F19: 13.76884 | G19: 100.59302 | H19: 2022-10-04T13:30:00+07:00 | I19: -0.42 | L19: 0.1 | M19: 0.2 | N19: ไม่ทราบ | O19: ไม่ทราบ | R19: 2102487.6 | S19: ข้อมูลเก่าเกิน 48 ชม. | T19: FALSE | U19: 2026-10-03T14:57:33+07:00 | V19: https://api-v3.thaiwater.net/api/v1/thaiwater30/public/canal_waterlevel | W19: {"canal_datetime":"2022-10-04 13:30","canal_value":-0.42,"canal_out":0,"agency":{"agency_name":{"th":"สำนักการระบายน้ำ กรุงเทพมหานคร","en":"Department of Bangkok","jp":""}},"geocode":{"area_code":"1","area_name":{"th":"กรุงเทพมหานคร","en":"Bangkok"},"amphoe_name":{"th":"ห้วยขวาง","en":"Huai Khwang District"},"tumbon_name":{"th":"สามเสนนอก","en":"Sam Sen Nok"},"province_code":"10","province_name":{"th":"กรุงเทพมหานคร","en":"Bangkok"}},"station":{"id":199,"canal_name":{"th":"ค.ชวดตาเชียง ส.คลองชวดตาเชียง"},"canal_lat":13.76884,"canal_long":100.59302,"canal_oldcode":"WL.CTC.01","bank":0.9,"warning_level":0.1,"critical_level":0.2}}
A20: THAIWATER:23 | B20: BK02 | C20: คลองบางเขน ช่วง ถ.ประชาชื่น เขตจตุจักร | D20: เมืองนนทบุรี | F20: 13.849379 | G20: 100.54295 | H20: 2019-12-24T14:38:00+07:00 | I20: 0.186 | N20: ไม่ทราบ | O20: ไม่ทราบ | R20: 3564019.6 | S20: ข้อมูลเก่าเกิน 48 ชม. | T20: FALSE | U20: 2026-10-03T14:57:33+07:00 | V20: https://api-v3.thaiwater.net/api/v1/thaiwater30/public/canal_waterlevel | W20: {"canal_datetime":"2019-12-24 14:38","canal_value":0.186,"canal_out":0,"agency":{"agency_name":{"th":"สำนักการระบายน้ำ กรุงเทพมหานคร","en":"Department of Bangkok","jp":""}},"geocode":{"area_code":"2","area_name":{"th":"ภาคกลาง","en":"Central"},"amphoe_name":{"th":"เมืองนนทบุรี","en":"Mueang Nonthaburi District"},"tumbon_name":{"th":"บางเขน","en":"Bang Khen"},"province_code":"12","province_name":{"th":"นนทบุรี","en":"Nonthaburi"}},"station":{"id":23,"canal_name":{"th":"คลองบางเขน ช่วง ถ.ประชาชื่น เขตจตุจักร"},"canal_lat":13.849379,"canal_long":100.542947,"canal_oldcode":"BK02","bank":null,"warning_level":null,"critical_level":null}}
A21: THAIWATER:18 | B21: LP03 | C21: คลองลาดพร้าวช่วง ซ.เสนานิคม เขตลาดพร้าว | D21: จตุจักร | F21: 13.832213 | G21: 100.5897 | H21: 2019-12-24T14:38:00+07:00 | I21: -0.157 | N21: ไม่ทราบ | O21: ไม่ทราบ | R21: 3564019.6 | S21: ข้อมูลเก่าเกิน 48 ชม. | T21: FALSE | U21: 2026-10-03T14:57:33+07:00 | V21: https://api-v3.thaiwater.net/api/v1/thaiwater30/public/canal_waterlevel | W21: {"canal_datetime":"2019-12-24 14:38","canal_value":-0.157,"canal_out":0,"agency":{"agency_name":{"th":"สำนักการระบายน้ำ กรุงเทพมหานคร","en":"Department of Bangkok","jp":""}},"geocode":{"area_code":"2","area_name":{"th":"ภาคกลาง","en":"Central"},"amphoe_name":{"th":"จตุจักร","en":"Chatuchak District"},"tumbon_name":{"th":"จันทรเกษม","en":"Chantharakasem"},"province_code":"10","province_name":{"th":"กรุงเทพมหานคร","en":"Bangkok"}},"station":{"id":18,"canal_name":{"th":"คลองลาดพร้าวช่วง ซ.เสนานิคม เขตลาดพร้าว"},"canal_lat":13.832213,"canal_long":100.589696,"canal_oldcode":"LP03","bank":null,"warning_level":null,"critical_level":null}}
A22: THAIWATER:7 | B22: LP01 | C22: คลองลาดพร้าวช่วง ถ.ประดิษฐ์มนูธรรม | D22: ห้วยขวาง | F22: 13.759541 | G22: 100.59636 | H22: 2019-12-24T14:38:00+07:00 | I22: -0.301 | N22: ไม่ทราบ | O22: ไม่ทราบ | R22: 3564019.6 | S22: ข้อมูลเก่าเกิน 48 ชม. | T22: FALSE | U22: 2026-10-03T14:57:33+07:00 | V22: https://api-v3.thaiwater.net/api/v1/thaiwater30/public/canal_waterlevel | W22: {"canal_datetime":"2019-12-24 14:38","canal_value":-0.301,"canal_out":0,"agency":{"agency_name":{"th":"สำนักการระบายน้ำ กรุงเทพมหานคร","en":"Department of Bangkok","jp":""}},"geocode":{"area_code":"1","area_name":{"th":"กรุงเทพมหานคร","en":"Bangkok"},"amphoe_name":{"th":"ห้วยขวาง","en":"Huai Khwang District"},"tumbon_name":{"th":"บางกะปิ","en":"Bang Kapi"},"province_code":"10","province_name":{"th":"กรุงเทพมหานคร","en":"Bangkok"}},"station":{"id":7,"canal_name":{"th":"คลองลาดพร้าวช่วง ถ.ประดิษฐ์มนูธรรม"},"canal_lat":13.759541,"canal_long":100.596361,"canal_oldcode":"LP01","bank":null,"warning_level":null,"critical_level":null}}
A23: THAIWATER:17 | B23: KP02 | C23: คลองเปรมประชากร ช่วงวัดเทวสุนทร | D23: จตุจักร | F23: 13.850711 | G23: 100.56088 | H23: 2019-12-24T14:38:00+07:00 | I23: -0.031 | N23: ไม่ทราบ | O23: ไม่ทราบ | R23: 3564019.6 | S23: ข้อมูลเก่าเกิน 48 ชม. | T23: FALSE | U23: 2026-10-03T14:57:33+07:00 | V23: https://api-v3.thaiwater.net/api/v1/thaiwater30/public/canal_waterlevel | W23: {"canal_datetime":"2019-12-24 14:38","canal_value":-0.031,"canal_out":0,"agency":{"agency_name":{"th":"สำนักการระบายน้ำ กรุงเทพมหานคร","en":"Department of Bangkok","jp":""}},"geocode":{"area_code":"1","area_name":{"th":"กรุงเทพมหานคร","en":"Bangkok"},"amphoe_name":{"th":"จตุจักร","en":"Chatuchak District"},"tumbon_name":{"th":"ลาดยาว","en":"Lat Yao"},"province_code":"10","province_name":{"th":"กรุงเทพมหานคร","en":"Bangkok"}},"station":{"id":17,"canal_name":{"th":"คลองเปรมประชากร ช่วงวัดเทวสุนทร"},"canal_lat":13.850711,"canal_long":100.560876,"canal_oldcode":"KP02","bank":null,"warning_level":null,"critical_level":null}}
A24: THAIWATER:14 | B24: SS06 | C24: คลองแสนแสบช่วง ซ.เสรีไทย 24 เขตบึงกุ่ม | D24: บึงกุ่ม | F24: 13.780512 | G24: 100.67385 | H24: 2019-12-24T14:38:00+07:00 | I24: -0.343 | N24: ไม่ทราบ | O24: ไม่ทราบ | R24: 3564019.6 | S24: ข้อมูลเก่าเกิน 48 ชม. | T24: FALSE | U24: 2026-10-03T14:57:33+07:00 | V24: https://api-v3.thaiwater.net/api/v1/thaiwater30/public/canal_waterlevel | W24: {"canal_datetime":"2019-12-24 14:38","canal_value":-0.343,"canal_out":0,"agency":{"agency_name":{"th":"สำนักการระบายน้ำ กรุงเทพมหานคร","en":"Department of Bangkok","jp":""}},"geocode":{"area_code":"1","area_name":{"th":"กรุงเทพมหานคร","en":"Bangkok"},"amphoe_name":{"th":"บึงกุ่ม","en":"Bueng Kum District"},"tumbon_name":{"th":"คลองกุ่ม","en":"Khlong Kum"},"province_code":"10","province_name":{"th":"กรุงเทพมหานคร","en":"Bangkok"}},"station":{"id":14,"canal_name":{"th":"คลองแสนแสบช่วง ซ.เสรีไทย 24 เขตบึงกุ่ม"},"canal_lat":13.780512,"canal_long":100.673845,"canal_oldcode":"SS06","bank":null,"warning_level":null,"critical_level":null}}
A25: THAIWATER:246 | B25: WL.TPK.01 | C25: ค.ลาดกระบัง ซ.ลาดกระบัง 54/6 | D25: ลาดกระบัง | F25: 13.72294 | G25: 100.75193 | H25: 2025-01-24T13:45:00+07:00 | I25: -0.37 | L25: 0.5 | M25: 0.6 | N25: ไม่ทราบ | O25: ไม่ทราบ | R25: 888552.6 | S25: ข้อมูลเก่าเกิน 48 ชม. | T25: FALSE | U25: 2026-10-03T14:57:33+07:00 | V25: https://api-v3.thaiwater.net/api/v1/thaiwater30/public/canal_waterlevel | W25: {"canal_datetime":"2025-01-24 13:45","canal_value":-0.37,"canal_out":0,"agency":{"agency_name":{"th":"สำนักการระบายน้ำ กรุงเทพมหานคร","en":"Department of Bangkok","jp":""}},"geocode":{"area_code":"1","area_name":{"th":"กรุงเทพมหานคร","en":"Bangkok"},"amphoe_name":{"th":"ลาดกระบัง","en":"Lat Krabang District"},"tumbon_name":{"th":"ลาดกระบัง","en":"Lat Krabang"},"province_code":"10","province_name":{"th":"กรุงเทพมหานคร","en":"Bangkok"}},"station":{"id":246,"canal_name":{"th":"ค.ลาดกระบัง ซ.ลาดกระบัง 54/6"},"canal_lat":13.72294,"canal_long":100.75193,"canal_oldcode":"WL.TPK.01","bank":1,"warning_level":0.5,"critical_level":0.6}}
A26: THAIWATER:70 | B26: WL.BSU.01 | C26: ส.คลองบางซื่อ | D26: บางซื่อ | F26: 13.80009 | G26: 100.5184 | H26: 2026-09-28T13:20:00+07:00 | I26: -0.79 | L26: 3.3 | M26: 3.5 | N26: ไม่ทราบ | O26: ไม่ทราบ | R26: 7297.6 | S26: ข้อมูลเก่าเกิน 48 ชม. | T26: FALSE | U26: 2026-10-03T14:57:33+07:00 | V26: https://api-v3.thaiwater.net/api/v1/thaiwater30/public/canal_waterlevel | W26: {"canal_datetime":"2026-09-28 13:20","canal_value":-0.79,"canal_out":1.48,"agency":{"agency_name":{"th":"สำนักการระบายน้ำ กรุงเทพมหานคร","en":"Department of Bangkok","jp":""}},"geocode":{"area_code":"1","area_name":{"th":"กรุงเทพมหานคร","en":"Bangkok"},"amphoe_name":{"th":"บางซื่อ","en":"Bang Sue District"},"tumbon_name":{"th":"บางซื่อ","en":"Bang Sue"},"province_code":"10","province_name":{"th":"กรุงเทพมหานคร","en":"Bangkok"}},"station":{"id":70,"canal_name":{"th":"ส.คลองบางซื่อ"},"canal_lat":13.80009,"canal_long":100.5184,"canal_oldcode":"WL.BSU.01","bank":3.5,"warning_level":3.3,"critical_level":3.5}}
A27: THAIWATER:221 | B27: WL.RKC.01 | C27: ค.ข้างศูนย์ราชการ | D27: หลักสี่ | F27: 13.88457 | G27: 100.56277 | H27: 2026-09-26T16:20:00+07:00 | I27: -0.8 | L27: 0.7 | M27: 0.8 | N27: ไม่ทราบ | O27: ไม่ทราบ | R27: 9997.6 | S27: ข้อมูลเก่าเกิน 48 ชม. | T27: FALSE | U27: 2026-10-03T14:57:33+07:00 | V27: https://api-v3.thaiwater.net/api/v1/thaiwater30/public/canal_waterlevel | W27: {"canal_datetime":"2026-09-26 16:20","canal_value":-0.8,"canal_out":0,"agency":{"agency_name":{"th":"สำนักการระบายน้ำ กรุงเทพมหานคร","en":"Department of Bangkok","jp":""}},"geocode":{"area_code":"1","area_name":{"th":"กรุงเทพมหานคร","en":"Bangkok"},"amphoe_name":{"th":"หลักสี่","en":"Lak Si District"},"tumbon_name":{"th":"ทุ่งสองห้อง","en":"Thung Song Hong"},"province_code":"10","province_name":{"th":"กรุงเทพมหานคร","en":"Bangkok"}},"station":{"id":221,"canal_name":{"th":"ค.ข้างศูนย์ราชการ"},"canal_lat":13.88457,"canal_long":100.56277,"canal_oldcode":"WL.RKC.01","bank":1,"warning_level":0.7,"critical_level":0.8}}
A28: THAIWATER:113 | B28: WL.LPW.02 | C28: ค.ลาดพร้าว-วัดลาดพร้าว | D28: ห้วยขวาง | F28: 13.80293 | G28: 100.58822 | H28: 2026-09-26T00:15:00+07:00 | I28: 0.95 | L28: 0.4 | M28: 0.55 | N28: ไม่ทราบ | O28: ไม่ทราบ | R28: 10962.6 | S28: ข้อมูลเก่าเกิน 48 ชม. | T28: FALSE | U28: 2026-10-03T14:57:33+07:00 | V28: https://api-v3.thaiwater.net/api/v1/thaiwater30/public/canal_waterlevel | W28: {"canal_datetime":"2026-09-26 00:15","canal_value":0.95,"canal_out":0,"agency":{"agency_name":{"th":"สำนักการระบายน้ำ กรุงเทพมหานคร","en":"Department of Bangkok","jp":""}},"geocode":{"area_code":"1","area_name":{"th":"กรุงเทพมหานคร","en":"Bangkok"},"amphoe_name":{"th":"ห้วยขวาง","en":"Huai Khwang District"},"tumbon_name":{"th":"สามเสนนอก","en":"Sam Sen Nok"},"province_code":"10","province_name":{"th":"กรุงเทพมหานคร","en":"Bangkok"}},"station":{"id":113,"canal_name":{"th":"ค.ลาดพร้าว-วัดลาดพร้าว"},"canal_lat":13.80293,"canal_long":100.58822,"canal_oldcode":"WL.LPW.02","bank":1.9,"warning_level":0.4,"critical_level":0.55}}
A29: THAIWATER:71 | B29: WL.SSB.09 | C29: ปตร.คลองแสนแสบ-บางชัน | D29: สะพานสูง | F29: 13.7972 | G29: 100.70458 | H29: 2026-09-28T13:20:00+07:00 | I29: 0.93 | L29: 0.4 | M29: 0.6 | N29: ไม่ทราบ | O29: ไม่ทราบ | R29: 7297.6 | S29: ข้อมูลเก่าเกิน 48 ชม. | T29: FALSE | U29: 2026-10-03T14:57:33+07:00 | V29: https://api-v3.thaiwater.net/api/v1/thaiwater30/public/canal_waterlevel | W29: {"canal_datetime":"2026-09-28 13:20","canal_value":0.93,"canal_out":0.62,"agency":{"agency_name":{"th":"สำนักการระบายน้ำ กรุงเทพมหานคร","en":"Department of Bangkok","jp":""}},"geocode":{"area_code":"1","area_name":{"th":"กรุงเทพมหานคร","en":"Bangkok"},"amphoe_name":{"th":"สะพานสูง","en":"Saphan Sung District"},"tumbon_name":{"th":"สะพานสูง","en":"Saphan Sung"},"province_code":"10","province_name":{"th":"กรุงเทพมหานคร","en":"Bangkok"}},"station":{"id":71,"canal_name":{"th":"ปตร.คลองแสนแสบ-บางชัน"},"canal_lat":13.7972,"canal_long":100.70458,"canal_oldcode":"WL.SSB.09","bank":1.98,"warning_level":0.4,"critical_level":0.6}}
A30: THAIWATER:667 | B30: WL.BNA.04 | C30: ค.บางนา ซ.บางนา-ตราด 56 | D30: บางนา | F30: 13.6594 | G30: 100.64935 | H30: 2026-09-28T13:20:00+07:00 | I30: 0.06 | N30: ไม่ทราบ | O30: ไม่ทราบ | R30: 7297.6 | S30: ข้อมูลเก่าเกิน 48 ชม. | T30: FALSE | U30: 2026-10-03T14:57:33+07:00 | V30: https://api-v3.thaiwater.net/api/v1/thaiwater30/public/canal_waterlevel | W30: {"canal_datetime":"2026-09-28 13:20","canal_value":0.06,"canal_out":0,"agency":{"agency_name":{"th":"สำนักการระบายน้ำ กรุงเทพมหานคร","en":"Department of Bangkok","jp":""}},"geocode":{"area_code":"1","area_name":{"th":"กรุงเทพมหานคร","en":"Bangkok"},"amphoe_name":{"th":"บางนา","en":"Bang Na District"},"tumbon_name":{"th":"บางนา","en":"Bang Na"},"province_code":"10","province_name":{"th":"กรุงเทพมหานคร","en":"Bangkok"}},"station":{"id":667,"canal_name":{"th":"ค.บางนา ซ.บางนา-ตราด 56"},"canal_lat":13.6594,"canal_long":100.64935,"canal_oldcode":"WL.BNA.04","bank":null,"warning_level":null,"critical_level":null}}
A31: THAIWATER:114 | B31: WL.LPW.03 | C31: ค.ลาดพร้าว-เสนานิคม | D31: จตุจักร | F31: 13.83224 | G31: 100.58974 | H31: 2026-09-28T13:20:00+07:00 | I31: 1.04 | L31: 0.6 | M31: 0.75 | N31: ไม่ทราบ | O31: ไม่ทราบ | R31: 7297.6 | S31: ข้อมูลเก่าเกิน 48 ชม. | T31: FALSE | U31: 2026-10-03T14:57:33+07:00 | V31: https://api-v3.thaiwater.net/api/v1/thaiwater30/public/canal_waterlevel | W31: {"canal_datetime":"2026-09-28 13:20","canal_value":1.04,"canal_out":0,"agency":{"agency_name":{"th":"สำนักการระบายน้ำ กรุงเทพมหานคร","en":"Department of Bangkok","jp":""}},"geocode":{"area_code":"2","area_name":{"th":"ภาคกลาง","en":"Central"},"amphoe_name":{"th":"จตุจักร","en":"Chatuchak District"},"tumbon_name":{"th":"จันทรเกษม","en":"Chantharakasem"},"province_code":"10","province_name":{"th":"กรุงเทพมหานคร","en":"Bangkok"}},"station":{"id":114,"canal_name":{"th":"ค.ลาดพร้าว-เสนานิคม"},"canal_lat":13.83224,"canal_long":100.58974,"canal_oldcode":"WL.LPW.03","bank":1.9,"warning_level":0.6,"critical_level":0.75}}
A32: THAIWATER:250 | B32: WL.KJN.01 | C32: ค.จั่น ถ.ลาดพร้าว | D32: วังทองหลาง | F32: 13.77609 | G32: 100.62816 | H32: 2026-09-28T13:20:00+07:00 | I32: 0.64 | L32: -0.2 | M32: 0 | N32: ไม่ทราบ | O32: ไม่ทราบ | R32: 7297.6 | S32: ข้อมูลเก่าเกิน 48 ชม. | T32: FALSE | U32: 2026-10-03T14:57:33+07:00 | V32: https://api-v3.thaiwater.net/api/v1/thaiwater30/public/canal_waterlevel | W32: {"canal_datetime":"2026-09-28 13:20","canal_value":0.64,"canal_out":0,"agency":{"agency_name":{"th":"สำนักการระบายน้ำ กรุงเทพมหานคร","en":"Department of Bangkok","jp":""}},"geocode":{"area_code":"1","area_name":{"th":"กรุงเทพมหานคร","en":"Bangkok"},"amphoe_name":{"th":"วังทองหลาง","en":"Wang Thonglang District"},"tumbon_name":{"th":"วังทองหลาง","en":"Wang Thong Lang"},"province_code":"10","province_name":{"th":"กรุงเทพมหานคร","en":"Bangkok"}},"station":{"id":250,"canal_name":{"th":"ค.จั่น ถ.ลาดพร้าว"},"canal_lat":13.77609,"canal_long":100.62816,"canal_oldcode":"WL.KJN.01","bank":1,"warning_level":-0.2,"critical_level":0}}
A33: THAIWATER:55 | B33: WL.BSU.04 | C33: ค.บางซื่อ ถ.พหลฯ | D33: พญาไท | F33: 13.79619 | G33: 100.55035 | H33: 2026-09-28T13:20:00+07:00 | I33: -0.98 | L33: 0.4 | M33: 0.5 | N33: ไม่ทราบ | O33: ไม่ทราบ | R33: 7297.6 | S33: ข้อมูลเก่าเกิน 48 ชม. | T33: FALSE | U33: 2026-10-03T14:57:33+07:00 | V33: https://api-v3.thaiwater.net/api/v1/thaiwater30/public/canal_waterlevel | W33: {"canal_datetime":"2026-09-28 13:20","canal_value":-0.98,"canal_out":0,"agency":{"agency_name":{"th":"สำนักการระบายน้ำ กรุงเทพมหานคร","en":"Department of Bangkok","jp":""}},"geocode":{"area_code":"1","area_name":{"th":"กรุงเทพมหานคร","en":"Bangkok"},"amphoe_name":{"th":"พญาไท","en":"Phaya Thai District"},"tumbon_name":{"th":"สามเสนใน","en":"Sam Sen Nai"},"province_code":"10","province_name":{"th":"กรุงเทพมหานคร","en":"Bangkok"}},"station":{"id":55,"canal_name":{"th":"ค.บางซื่อ ถ.พหลฯ"},"canal_lat":13.79619,"canal_long":100.55035,"canal_oldcode":"WL.BSU.04","bank":1.9,"warning_level":0.4,"critical_level":0.5}}
A34: THAIWATER:89 | B34: WL.BOA.01 | C34: ส.บางอ้อ | D34: พระโขนง | F34: 13.68206 | G34: 100.59226 | H34: 2026-09-28T13:20:00+07:00 | I34: -1.28 | L34: 2.6 | M34: 2.8 | N34: ไม่ทราบ | O34: ไม่ทราบ | R34: 7297.6 | S34: ข้อมูลเก่าเกิน 48 ชม. | T34: FALSE | U34: 2026-10-03T14:57:33+07:00 | V34: https://api-v3.thaiwater.net/api/v1/thaiwater30/public/canal_waterlevel | W34: {"canal_datetime":"2026-09-28 13:20","canal_value":-1.28,"canal_out":0.29,"agency":{"agency_name":{"th":"สำนักการระบายน้ำ กรุงเทพมหานคร","en":"Department of Bangkok","jp":""}},"geocode":{"area_code":"1","area_name":{"th":"กรุงเทพมหานคร","en":"Bangkok"},"amphoe_name":{"th":"พระโขนง","en":"Phra Khanong District"},"tumbon_name":{"th":"บางจาก","en":"Bang Chak"},"province_code":"10","province_name":{"th":"กรุงเทพมหานคร","en":"Bangkok"}},"station":{"id":89,"canal_name":{"th":"ส.บางอ้อ"},"canal_lat":13.68206,"canal_long":100.59226,"canal_oldcode":"WL.BOA.01","bank":2.8,"warning_level":2.6,"critical_level":2.8}}
A35: THAIWATER:277 | B35: WL.KLD.01 | C35: ค.หลอด ส.ปากคลองตลาด | D35: พระนคร | F35: 13.74261 | G35: 100.49492 | H35: 2026-09-28T13:20:00+07:00 | I35: -0.41 | L35: 0.6 | M35: 0.7 | N35: ไม่ทราบ | O35: ไม่ทราบ | R35: 7297.6 | S35: ข้อมูลเก่าเกิน 48 ชม. | T35: FALSE | U35: 2026-10-03T14:57:33+07:00 | V35: https://api-v3.thaiwater.net/api/v1/thaiwater30/public/canal_waterlevel | W35: {"canal_datetime":"2026-09-28 13:20","canal_value":-0.41,"canal_out":0,"agency":{"agency_name":{"th":"สำนักการระบายน้ำ กรุงเทพมหานคร","en":"Department of Bangkok","jp":""}},"geocode":{"area_code":"1","area_name":{"th":"กรุงเทพมหานคร","en":"Bangkok"},"amphoe_name":{"th":"พระนคร","en":"Phra Nakhon District"},"tumbon_name":{"th":"วังบูรพาภิรมย์","en":"Wang Burapha Phirom"},"province_code":"10","province_name":{"th":"กรุงเทพมหานคร","en":"Bangkok"}},"station":{"id":277,"canal_name":{"th":"ค.หลอด ส.ปากคลองตลาด"},"canal_lat":13.74261,"canal_long":100.49492,"canal_oldcode":"WL.KLD.01","bank":1.8,"warning_level":0.6,"critical_level":0.7}}
A36: THAIWATER:65 | B36: WL.TUT.01 | C36: ส.คลองตาอูฐ | D36: หลักสี่ | F36: 13.89975 | G36: 100.58673 | H36: 2025-10-22T14:35:00+07:00 | I36: 0 | L36: 0.6 | M36: 0.7 | N36: ไม่ทราบ | O36: ไม่ทราบ | R36: 498262.6 | S36: ข้อมูลเก่าเกิน 48 ชม. | T36: FALSE | U36: 2026-10-03T14:57:33+07:00 | V36: https://api-v3.thaiwater.net/api/v1/thaiwater30/public/canal_waterlevel | W36: {"canal_datetime":"2025-10-22 14:35","canal_value":0,"canal_out":0.04,"agency":{"agency_name":{"th":"สำนักการระบายน้ำ กรุงเทพมหานคร","en":"Department of Bangkok","jp":""}},"geocode":{"area_code":"1","area_name":{"th":"กรุงเทพมหานคร","en":"Bangkok"},"amphoe_name":{"th":"หลักสี่","en":"Lak Si District"},"tumbon_name":{"th":"ทุ่งสองห้อง","en":"Thung Song Hong"},"province_code":"10","province_name":{"th":"กรุงเทพมหานคร","en":"Bangkok"}},"station":{"id":65,"canal_name":{"th":"ส.คลองตาอูฐ"},"canal_lat":13.89975,"canal_long":100.58673,"canal_oldcode":"WL.TUT.01","bank":1.98,"warning_level":0.6,"critical_level":0.7}}
A37: THAIWATER:19 | B37: KP03 | C37: คลองเปรมประชากร ช่วง สน.ดอนเมือง | D37: ดอนเมือง | F37: 13.938917 | G37: 100.60645 | H37: 2019-12-24T14:38:00+07:00 | I37: 0.288 | N37: ไม่ทราบ | O37: ไม่ทราบ | R37: 3564019.6 | S37: ข้อมูลเก่าเกิน 48 ชม. | T37: FALSE | U37: 2026-10-03T14:57:33+07:00 | V37: https://api-v3.thaiwater.net/api/v1/thaiwater30/public/canal_waterlevel | W37: {"canal_datetime":"2019-12-24 14:38","canal_value":0.288,"canal_out":0,"agency":{"agency_name":{"th":"สำนักการระบายน้ำ กรุงเทพมหานคร","en":"Department of Bangkok","jp":""}},"geocode":{"area_code":"1","area_name":{"th":"กรุงเทพมหานคร","en":"Bangkok"},"amphoe_name":{"th":"ดอนเมือง","en":"Don Mueang District"},"tumbon_name":{"th":"สีกัน","en":"Si Kan"},"province_code":"10","province_name":{"th":"กรุงเทพมหานคร","en":"Bangkok"}},"station":{"id":19,"canal_name":{"th":"คลองเปรมประชากร ช่วง สน.ดอนเมือง"},"canal_lat":13.938917,"canal_long":100.606452,"canal_oldcode":"KP03","bank":null,"warning_level":null,"critical_level":null}}
A38: THAIWATER:1 | B38: PK01 | C38: แม่น้ำเจ้าพระยา บริเวณปากคลองตลาด | D38: พระนคร | F38: 13.7422 | G38: 100.49464 | H38: 2019-12-24T14:38:00+07:00 | I38: 0.426 | N38: ไม่ทราบ | O38: ไม่ทราบ | R38: 3564019.6 | S38: ข้อมูลเก่าเกิน 48 ชม. | T38: FALSE | U38: 2026-10-03T14:57:33+07:00 | V38: https://api-v3.thaiwater.net/api/v1/thaiwater30/public/canal_waterlevel | W38: {"canal_datetime":"2019-12-24 14:38","canal_value":0.426,"canal_out":0,"agency":{"agency_name":{"th":"สำนักการระบายน้ำ กรุงเทพมหานคร","en":"Department of Bangkok","jp":""}},"geocode":{"area_code":"1","area_name":{"th":"กรุงเทพมหานคร","en":"Bangkok"},"amphoe_name":{"th":"พระนคร","en":"Phra Nakhon District"},"tumbon_name":{"th":"วังบูรพาภิรมย์","en":"Wang Burapha Phirom"},"province_code":"10","province_name":{"th":"กรุงเทพมหานคร","en":"Bangkok"}},"station":{"id":1,"canal_name":{"th":"แม่น้ำเจ้าพระยา บริเวณปากคลองตลาด"},"canal_lat":13.7422,"canal_long":100.49464,"canal_oldcode":"PK01","bank":null,"warning_level":null,"critical_level":null}}
A39: THAIWATER:5 | B39: SS01 | C39: คลองแสนแสบ ช่วง ค.ผดุงกรุงเกษม (โบ้เบ้) | D39: ปทุมวัน | F39: 13.752819 | G39: 100.51719 | H39: 2019-12-24T14:38:00+07:00 | I39: -0.164 | N39: ไม่ทราบ | O39: ไม่ทราบ | R39: 3564019.6 | S39: ข้อมูลเก่าเกิน 48 ชม. | T39: FALSE | U39: 2026-10-03T14:57:33+07:00 | V39: https://api-v3.thaiwater.net/api/v1/thaiwater30/public/canal_waterlevel | W39: {"canal_datetime":"2019-12-24 14:38","canal_value":-0.164,"canal_out":0,"agency":{"agency_name":{"th":"สำนักการระบายน้ำ กรุงเทพมหานคร","en":"Department of Bangkok","jp":""}},"geocode":{"area_code":"1","area_name":{"th":"กรุงเทพมหานคร","en":"Bangkok"},"amphoe_name":{"th":"ปทุมวัน","en":"Pathum Wan District"},"tumbon_name":{"th":"รองเมือง","en":"Rong Mueang"},"province_code":"10","province_name":{"th":"กรุงเทพมหานคร","en":"Bangkok"}},"station":{"id":5,"canal_name":{"th":"คลองแสนแสบ ช่วง ค.ผดุงกรุงเกษม (โบ้เบ้)"},"canal_lat":13.752819,"canal_long":100.517188,"canal_oldcode":"SS01","bank":null,"warning_level":null,"critical_level":null}}
A40: THAIWATER:10 | B40: PL01 | C40: คลองพิทยาลงกรณ์ ช่วง ร.ร.พิทยาลงกรณ์ | D40: บางขุนเทียน | F40: 13.528701 | G40: 100.41762 | H40: 2019-12-24T14:38:00+07:00 | I40: 0.414 | N40: ไม่ทราบ | O40: ไม่ทราบ | R40: 3564019.6 | S40: ข้อมูลเก่าเกิน 48 ชม. | T40: FALSE | U40: 2026-10-03T14:57:33+07:00 | V40: https://api-v3.thaiwater.net/api/v1/thaiwater30/public/canal_waterlevel | W40: {"canal_datetime":"2019-12-24 14:38","canal_value":0.414,"canal_out":0,"agency":{"agency_name":{"th":"สำนักการระบายน้ำ กรุงเทพมหานคร","en":"Department of Bangkok","jp":""}},"geocode":{"area_code":"1","area_name":{"th":"กรุงเทพมหานคร","en":"Bangkok"},"amphoe_name":{"th":"บางขุนเทียน","en":"Bang Khun Thian District"},"tumbon_name":{"th":"ท่าข้าม","en":"Tha Kham"},"province_code":"10","province_name":{"th":"กรุงเทพมหานคร","en":"Bangkok"}},"station":{"id":10,"canal_name":{"th":"คลองพิทยาลงกรณ์ ช่วง ร.ร.พิทยาลงกรณ์"},"canal_lat":13.528701,"canal_long":100.417622,"canal_oldcode":"PL01","bank":null,"warning_level":null,"critical_level":null}}
A41: THAIWATER:20 | B41: SA02 | C41: คลองสามเสนช่วง ถ.พหลโยธิน เขตพญาไท | D41: ราชเทวี | F41: 13.765552 | G41: 100.53957 | H41: 2019-12-24T14:38:00+07:00 | I41: -0.512 | N41: ไม่ทราบ | O41: ไม่ทราบ | R41: 3564019.6 | S41: ข้อมูลเก่าเกิน 48 ชม. | T41: FALSE | U41: 2026-10-03T14:57:33+07:00 | V41: https://api-v3.thaiwater.net/api/v1/thaiwater30/public/canal_waterlevel | W41: {"canal_datetime":"2019-12-24 14:38","canal_value":-0.512,"canal_out":0,"agency":{"agency_name":{"th":"สำนักการระบายน้ำ กรุงเทพมหานคร","en":"Department of Bangkok","jp":""}},"geocode":{"area_code":"1","area_name":{"th":"กรุงเทพมหานคร","en":"Bangkok"},"amphoe_name":{"th":"ราชเทวี","en":"Ratchathewi District"},"tumbon_name":{"th":"ถนนพญาไท","en":"Thanon Phaya Thai"},"province_code":"10","province_name":{"th":"กรุงเทพมหานคร","en":"Bangkok"}},"station":{"id":20,"canal_name":{"th":"คลองสามเสนช่วง ถ.พหลโยธิน เขตพญาไท"},"canal_lat":13.765552,"canal_long":100.539566,"canal_oldcode":"SA02","bank":null,"warning_level":null,"critical_level":null}}
A42: THAIWATER:11 | B42: BS03 | C42: คลองบางซื่อช่วง ถ.วิภาวดี เขตจตุจักร | D42: ดินแดง | F42: 13.794856 | G42: 100.56134 | H42: 2019-12-24T14:38:00+07:00 | I42: 0 | N42: ไม่ทราบ | O42: ไม่ทราบ | R42: 3564019.6 | S42: ข้อมูลเก่าเกิน 48 ชม. | T42: FALSE | U42: 2026-10-03T14:57:33+07:00 | V42: https://api-v3.thaiwater.net/api/v1/thaiwater30/public/canal_waterlevel | W42: {"canal_datetime":"2019-12-24 14:38","canal_value":0,"canal_out":0,"agency":{"agency_name":{"th":"สำนักการระบายน้ำ กรุงเทพมหานคร","en":"Department of Bangkok","jp":""}},"geocode":{"area_code":"1","area_name":{"th":"กรุงเทพมหานคร","en":"Bangkok"},"amphoe_name":{"th":"ดินแดง","en":"Din Daeng District"},"tumbon_name":{"th":"ดินแดง","en":"Din Daeng"},"province_code":"10","province_name":{"th":"กรุงเทพมหานคร","en":"Bangkok"}},"station":{"id":11,"canal_name":{"th":"คลองบางซื่อช่วง ถ.วิภาวดี เขตจตุจักร"},"canal_lat":13.794856,"canal_long":100.561336,"canal_oldcode":"BS03","bank":null,"warning_level":null,"critical_level":null}}
A43: THAIWATER:16 | B43: BK03 | C43: คลองบางเขน ช่วง ถ.วิภาวดี เขตหลักสี่ | D43: จตุจักร | F43: 13.855781 | G43: 100.56677 | H43: 2019-12-24T14:38:00+07:00 | I43: -5.592 | N43: ไม่ทราบ | O43: ไม่ทราบ | R43: 3564019.6 | S43: ข้อมูลเก่าเกิน 48 ชม. | T43: FALSE | U43: 2026-10-03T14:57:33+07:00 | V43: https://api-v3.thaiwater.net/api/v1/thaiwater30/public/canal_waterlevel | W43: {"canal_datetime":"2019-12-24 14:38","canal_value":-5.592,"canal_out":0,"agency":{"agency_name":{"th":"สำนักการระบายน้ำ กรุงเทพมหานคร","en":"Department of Bangkok","jp":""}},"geocode":{"area_code":"1","area_name":{"th":"กรุงเทพมหานคร","en":"Bangkok"},"amphoe_name":{"th":"จตุจักร","en":"Chatuchak District"},"tumbon_name":{"th":"ลาดยาว","en":"Lat Yao"},"province_code":"10","province_name":{"th":"กรุงเทพมหานคร","en":"Bangkok"}},"station":{"id":16,"canal_name":{"th":"คลองบางเขน ช่วง ถ.วิภาวดี เขตหลักสี่"},"canal_lat":13.855781,"canal_long":100.566765,"canal_oldcode":"BK03","bank":null,"warning_level":null,"critical_level":null}}
A44: THAIWATER:12 | B44: SA03 | C44: คลองสามเสนช่วง ถ.ดินแดง เขตราชเทวี | D44: ดินแดง | F44: 13.756143 | G44: 100.55246 | H44: 2019-12-24T14:38:00+07:00 | I44: -0.887 | N44: ไม่ทราบ | O44: ไม่ทราบ | R44: 3564019.6 | S44: ข้อมูลเก่าเกิน 48 ชม. | T44: FALSE | U44: 2026-10-03T14:57:33+07:00 | V44: https://api-v3.thaiwater.net/api/v1/thaiwater30/public/canal_waterlevel | W44: {"canal_datetime":"2019-12-24 14:38","canal_value":-0.887,"canal_out":0,"agency":{"agency_name":{"th":"สำนักการระบายน้ำ กรุงเทพมหานคร","en":"Department of Bangkok","jp":""}},"geocode":{"area_code":"1","area_name":{"th":"กรุงเทพมหานคร","en":"Bangkok"},"amphoe_name":{"th":"ดินแดง","en":"Din Daeng District"},"tumbon_name":{"th":"ดินแดง","en":"Din Daeng"},"province_code":"10","province_name":{"th":"กรุงเทพมหานคร","en":"Bangkok"}},"station":{"id":12,"canal_name":{"th":"คลองสามเสนช่วง ถ.ดินแดง เขตราชเทวี"},"canal_lat":13.756143,"canal_long":100.55246,"canal_oldcode":"SA03","bank":null,"warning_level":null,"critical_level":null}}
A45: THAIWATER:13 | B45: BS04 | C45: คลองบางซื่อช่วง ถ.รัชดาภิเษก เขตดินแดง | D45: ดินแดง | F45: 13.796139 | G45: 100.57413 | H45: 2019-12-24T14:38:00+07:00 | I45: -0.179 | N45: ไม่ทราบ | O45: ไม่ทราบ | R45: 3564019.6 | S45: ข้อมูลเก่าเกิน 48 ชม. | T45: FALSE | U45: 2026-10-03T14:57:33+07:00 | V45: https://api-v3.thaiwater.net/api/v1/thaiwater30/public/canal_waterlevel | W45: {"canal_datetime":"2019-12-24 14:38","canal_value":-0.179,"canal_out":0,"agency":{"agency_name":{"th":"สำนักการระบายน้ำ กรุงเทพมหานคร","en":"Department of Bangkok","jp":""}},"geocode":{"area_code":"1","area_name":{"th":"กรุงเทพมหานคร","en":"Bangkok"},"amphoe_name":{"th":"ดินแดง","en":"Din Daeng District"},"tumbon_name":{"th":"ดินแดง","en":"Din Daeng"},"province_code":"10","province_name":{"th":"กรุงเทพมหานคร","en":"Bangkok"}},"station":{"id":13,"canal_name":{"th":"คลองบางซื่อช่วง ถ.รัชดาภิเษก เขตดินแดง"},"canal_lat":13.796139,"canal_long":100.574126,"canal_oldcode":"BS04","bank":null,"warning_level":null,"critical_level":null}}
A46: THAIWATER:15 | B46: KP01 | C46: คลองเปรมประชากร ช่วงอุโมงค์คลองเปรมฯ | D46: บางซื่อ | F46: 13.805021 | G46: 100.53607 | H46: 2019-12-24T14:38:00+07:00 | I46: -0.052 | N46: ไม่ทราบ | O46: ไม่ทราบ | R46: 3564019.6 | S46: ข้อมูลเก่าเกิน 48 ชม. | T46: FALSE | U46: 2026-10-03T14:57:33+07:00 | V46: https://api-v3.thaiwater.net/api/v1/thaiwater30/public/canal_waterlevel | W46: {"canal_datetime":"2019-12-24 14:38","canal_value":-0.052,"canal_out":0,"agency":{"agency_name":{"th":"สำนักการระบายน้ำ กรุงเทพมหานคร","en":"Department of Bangkok","jp":""}},"geocode":{"area_code":"1","area_name":{"th":"กรุงเทพมหานคร","en":"Bangkok"},"amphoe_name":{"th":"บางซื่อ","en":"Bang Sue District"},"tumbon_name":{"th":"บางซื่อ","en":"Bang Sue"},"province_code":"10","province_name":{"th":"กรุงเทพมหานคร","en":"Bangkok"}},"station":{"id":15,"canal_name":{"th":"คลองเปรมประชากร ช่วงอุโมงค์คลองเปรมฯ"},"canal_lat":13.805021,"canal_long":100.53607,"canal_oldcode":"KP01","bank":null,"warning_level":null,"critical_level":null}}
A47: THAIWATER:21 | B47: SS03 | C47: คลองแสนแสบช่วงอโศก เขตวัฒนา | D47: ราชเทวี | F47: 13.748123 | G47: 100.56282 | H47: 2019-12-24T14:38:00+07:00 | I47: -0.196 | N47: ไม่ทราบ | O47: ไม่ทราบ | R47: 3564019.6 | S47: ข้อมูลเก่าเกิน 48 ชม. | T47: FALSE | U47: 2026-10-03T14:57:33+07:00 | V47: https://api-v3.thaiwater.net/api/v1/thaiwater30/public/canal_waterlevel | W47: {"canal_datetime":"2019-12-24 14:38","canal_value":-0.196,"canal_out":0,"agency":{"agency_name":{"th":"สำนักการระบายน้ำ กรุงเทพมหานคร","en":"Department of Bangkok","jp":""}},"geocode":{"area_code":"1","area_name":{"th":"กรุงเทพมหานคร","en":"Bangkok"},"amphoe_name":{"th":"ราชเทวี","en":"Ratchathewi District"},"tumbon_name":{"th":"มักกะสัน","en":"Makkasan"},"province_code":"10","province_name":{"th":"กรุงเทพมหานคร","en":"Bangkok"}},"station":{"id":21,"canal_name":{"th":"คลองแสนแสบช่วงอโศก เขตวัฒนา"},"canal_lat":13.748123,"canal_long":100.562819,"canal_oldcode":"SS03","bank":null,"warning_level":null,"critical_level":null}}
A48: THAIWATER:4 | B48: SS05 | C48: คลองแสนแสบช่วง ส.คลองเจ้าคุณสิงห์ | D48: บางกะปิ | F48: 13.76127 | G48: 100.61538 | H48: 2019-12-24T14:38:00+07:00 | I48: -0.368 | N48: ไม่ทราบ | O48: ไม่ทราบ | R48: 3564019.6 | S48: ข้อมูลเก่าเกิน 48 ชม. | T48: FALSE | U48: 2026-10-03T14:57:33+07:00 | V48: https://api-v3.thaiwater.net/api/v1/thaiwater30/public/canal_waterlevel | W48: {"canal_datetime":"2019-12-24 14:38","canal_value":-0.368,"canal_out":0,"agency":{"agency_name":{"th":"สำนักการระบายน้ำ กรุงเทพมหานคร","en":"Department of Bangkok","jp":""}},"geocode":{"area_code":"1","area_name":{"th":"กรุงเทพมหานคร","en":"Bangkok"},"amphoe_name":{"th":"บางกะปิ","en":"Bang Kapi District"},"tumbon_name":{"th":"หัวหมาก","en":"Hua Mak"},"province_code":"10","province_name":{"th":"กรุงเทพมหานคร","en":"Bangkok"}},"station":{"id":4,"canal_name":{"th":"คลองแสนแสบช่วง ส.คลองเจ้าคุณสิงห์"},"canal_lat":13.76127,"canal_long":100.615376,"canal_oldcode":"SS05","bank":null,"warning_level":null,"critical_level":null}}
... A50: THAIWATER:6 | B50: BS02 | C50: คลองบางซื่อช่วง ถ.พหลโยธิน เขตจตุจักร | D50: พญาไท | F50: 13.796218 | G50: 100.55032 | H50: 2019-12-24T14:38:00+07:00 | I50: 0.176 | N50: ไม่ทราบ | O50: ไม่ทราบ | R50: 3564019.6 | S50: ข้อมูลเก่าเกิน 48 ชม. | T50: FALSE | U50: 2026-10-03T14:57:33+07:00 | V50: https://api-v3.thaiwater.net/api/v1/thaiwater30/public/canal_waterlevel | W50: {"canal_datetime":"2019-12-24 14:38","canal_value":0.176,"canal_out":0,"agency":{"agency_name":{"th":"สำนักการระบายน้ำ กรุงเทพมหานคร","en":"Department of Bangkok","jp":""}},"geocode":{"area_code":"1","area_name":{"th":"กรุงเทพมหานคร","en":"Bangkok"},"amphoe_name":{"th":"พญาไท","en":"Phaya Thai District"},"tumbon_name":{"th":"สามเสนใน","en":"Sam Sen Nai"},"province_code":"10","province_name":{"th":"กรุงเทพมหานคร","en":"Bangkok"}},"station":{"id":6,"canal_name":{"th":"คลองบางซื่อช่วง ถ.พหลโยธิน เขตจตุจักร"},"canal_lat":13.796218,"canal_long":100.55032,"canal_oldcode":"BS02","bank":null,"warning_level":null,"critical_level":null}}
A51: THAIWATER:213 | B51: WL.LPG.01 | C51: ค.หลวงแพ่ง รร.ผลลีรุ่งเรือง | D51: เมืองฉะเชิงเทรา | F51: 13.7917 | G51: 100.91164 | H51: 2023-09-26T09:20:00+07:00 | I51: 0.38 | L51: 0.6 | M51: 0.8 | N51: ไม่ทราบ | O51: ไม่ทราบ | R51: 1588657.6 | S51: ข้อมูลเก่าเกิน 48 ชม. | T51: FALSE | U51: 2026-10-03T14:57:33+07:00 | V51: https://api-v3.thaiwater.net/api/v1/thaiwater30/public/canal_waterlevel | W51: {"canal_datetime":"2023-09-26 09:20","canal_value":0.38,"canal_out":0,"agency":{"agency_name":{"th":"สำนักการระบายน้ำ กรุงเทพมหานคร","en":"Department of Bangkok","jp":""}},"geocode":{"area_code":"2","area_name":{"th":"ภาคกลาง","en":"Central"},"amphoe_name":{"th":"เมืองฉะเชิงเทรา","en":"Mueang Chachoengsao District"},"tumbon_name":{"th":"คลองหลวงแพ่ง","en":"KHLONG LUANG PHAENG"},"province_code":"24","province_name":{"th":"ฉะเชิงเทรา","en":"Chachoengsao"}},"station":{"id":213,"canal_name":{"th":"ค.หลวงแพ่ง รร.ผลลีรุ่งเรือง"},"canal_lat":13.7917,"canal_long":100.91164,"canal_oldcode":"WL.LPG.01","bank":3.3,"warning_level":0.6,"critical_level":0.8}}
A52: THAIWATER:2 | B52: SA01 | C52: คลองสามเสนช่วง ถ.พระรามที่ 5 เขตดุสิต | D52: ดุสิต | F52: 13.777896 | G52: 100.52127 | H52: 2019-12-24T14:38:00+07:00 | I52: -0.464 | N52: ไม่ทราบ | O52: ไม่ทราบ | R52: 3564019.6 | S52: ข้อมูลเก่าเกิน 48 ชม. | T52: FALSE | U52: 2026-10-03T14:57:33+07:00 | V52: https://api-v3.thaiwater.net/api/v1/thaiwater30/public/canal_waterlevel | W52: {"canal_datetime":"2019-12-24 14:38","canal_value":-0.464,"canal_out":0,"agency":{"agency_name":{"th":"สำนักการระบายน้ำ กรุงเทพมหานคร","en":"Department of Bangkok","jp":""}},"geocode":{"area_code":"1","area_name":{"th":"กรุงเทพมหานคร","en":"Bangkok"},"amphoe_name":{"th":"ดุสิต","en":"Dusit District"},"tumbon_name":{"th":"ดุสิต","en":"Dusit"},"province_code":"10","province_name":{"th":"กรุงเทพมหานคร","en":"Bangkok"}},"station":{"id":2,"canal_name":{"th":"คลองสามเสนช่วง ถ.พระรามที่ 5 เขตดุสิต"},"canal_lat":13.777896,"canal_long":100.521271,"canal_oldcode":"SA01","bank":null,"warning_level":null,"critical_level":null}}
A53: THAIWATER:22 | B53: SS04 | C53: คลองแสนแสบช่วงคลองตัน สุขุมวิท 71 | D53: วัฒนา | F53: 13.737542 | G53: 100.6045 | H53: 2019-12-24T14:38:00+07:00 | I53: -0.358 | N53: ไม่ทราบ | O53: ไม่ทราบ | R53: 3564019.6 | S53: ข้อมูลเก่าเกิน 48 ชม. | T53: FALSE | U53: 2026-10-03T14:57:33+07:00 | V53: https://api-v3.thaiwater.net/api/v1/thaiwater30/public/canal_waterlevel | W53: {"canal_datetime":"2019-12-24 14:38","canal_value":-0.358,"canal_out":0,"agency":{"agency_name":{"th":"สำนักการระบายน้ำ กรุงเทพมหานคร","en":"Department of Bangkok","jp":""}},"geocode":{"area_code":"1","area_name":{"th":"กรุงเทพมหานคร","en":"Bangkok"},"amphoe_name":{"th":"วัฒนา","en":"Vadhana District"},"tumbon_name":{"th":"คลองตันเหนือ","en":"Khlong Tan Nuea"},"province_code":"10","province_name":{"th":"กรุงเทพมหานคร","en":"Bangkok"}},"station":{"id":22,"canal_name":{"th":"คลองแสนแสบช่วงคลองตัน สุขุมวิท 71"},"canal_lat":13.737542,"canal_long":100.604497,"canal_oldcode":"SS04","bank":null,"warning_level":null,"critical_level":null}}
A54: THAIWATER:174 | B54: WL.LPT.01 | C54: ค.ลำปลาทิว ถ.สังฆสันติสุข | D54: หนองจอก | F54: 13.85366 | G54: 100.86679 | H54: 2026-09-26T22:20:00+07:00 | I54: 1.3 | L54: 0.9 | M54: 1.1 | N54: ไม่ทราบ | O54: ไม่ทราบ | R54: 9637.6 | S54: ข้อมูลเก่าเกิน 48 ชม. | T54: FALSE | U54: 2026-10-03T14:57:33+07:00 | V54: https://api-v3.thaiwater.net/api/v1/thaiwater30/public/canal_waterlevel | W54: {"canal_datetime":"2026-09-26 22:20","canal_value":1.3,"canal_out":0,"agency":{"agency_name":{"th":"สำนักการระบายน้ำ กรุงเทพมหานคร","en":"Department of Bangkok","jp":""}},"geocode":{"area_code":"1","area_name":{"th":"กรุงเทพมหานคร","en":"Bangkok"},"amphoe_name":{"th":"หนองจอก","en":"Nong Chok District"},"tumbon_name":{"th":"กระทุ่มราย","en":"Krathum Rai"},"province_code":"10","province_name":{"th":"กรุงเทพมหานคร","en":"Bangkok"}},"station":{"id":174,"canal_name":{"th":"ค.ลำปลาทิว ถ.สังฆสันติสุข"},"canal_lat":13.85366,"canal_long":100.86679,"canal_oldcode":"WL.LPT.01","bank":2,"warning_level":0.9,"critical_level":1.1}}
A55: THAIWATER:57 | B55: WL.BSU.06 | C55: ค.บางซื่อ ถ.รัชดาฯ | D55: ดินแดง | F55: 13.79624 | G55: 100.57422 | H55: 2026-09-28T13:20:00+07:00 | I55: -0.33 | L55: 0.1 | M55: 0.2 | N55: ไม่ทราบ | O55: ไม่ทราบ | R55: 7297.6 | S55: ข้อมูลเก่าเกิน 48 ชม. | T55: FALSE | U55: 2026-10-03T14:57:33+07:00 | V55: https://api-v3.thaiwater.net/api/v1/thaiwater30/public/canal_waterlevel | W55: {"canal_datetime":"2026-09-28 13:20","canal_value":-0.33,"canal_out":0,"agency":{"agency_name":{"th":"สำนักการระบายน้ำ กรุงเทพมหานคร","en":"Department of Bangkok","jp":""}},"geocode":{"area_code":"1","area_name":{"th":"กรุงเทพมหานคร","en":"Bangkok"},"amphoe_name":{"th":"ดินแดง","en":"Din Daeng District"},"tumbon_name":{"th":"ดินแดง","en":"Din Daeng"},"province_code":"10","province_name":{"th":"กรุงเทพมหานคร","en":"Bangkok"}},"station":{"id":57,"canal_name":{"th":"ค.บางซื่อ ถ.รัชดาฯ"},"canal_lat":13.79624,"canal_long":100.57422,"canal_oldcode":"WL.BSU.06","bank":1.9,"warning_level":0.1,"critical_level":0.2}}
A56: THAIWATER:152 | B56: WL.TWW.04 | C56: ค.ทวีฯ-บางเชือกหนัง | D56: บางแค | F56: 13.75063 | G56: 100.3534 | H56: 2026-09-28T13:20:00+07:00 | I56: 0.92 | L56: 0.8 | M56: 0.9 | N56: ไม่ทราบ | O56: ไม่ทราบ | R56: 7297.6 | S56: ข้อมูลเก่าเกิน 48 ชม. | T56: FALSE | U56: 2026-10-03T14:57:33+07:00 | V56: https://api-v3.thaiwater.net/api/v1/thaiwater30/public/canal_waterlevel | W56: {"canal_datetime":"2026-09-28 13:20","canal_value":0.92,"canal_out":0,"agency":{"agency_name":{"th":"สำนักการระบายน้ำ กรุงเทพมหานคร","en":"Department of Bangkok","jp":""}},"geocode":{"area_code":"1","area_name":{"th":"กรุงเทพมหานคร","en":"Bangkok"},"amphoe_name":{"th":"บางแค","en":"Bang Khae District"},"tumbon_name":{"th":"บางไผ่","en":"Bang Phai"},"province_code":"10","province_name":{"th":"กรุงเทพมหานคร","en":"Bangkok"}},"station":{"id":152,"canal_name":{"th":"ค.ทวีฯ-บางเชือกหนัง"},"canal_lat":13.75063,"canal_long":100.3534,"canal_oldcode":"WL.TWW.04","bank":1.83,"warning_level":0.8,"critical_level":0.9}}
A57: THAIWATER:282 | B57: WL.KSO.02 | C57: ค.ซอย ถ.ศาลาธรรมสพน์ | D57: ทวีวัฒนา | F57: 13.80014 | G57: 100.34874 | H57: 2026-09-28T13:20:00+07:00 | I57: 0.93 | L57: 0.9 | M57: 1 | N57: ไม่ทราบ | O57: ไม่ทราบ | R57: 7297.6 | S57: ข้อมูลเก่าเกิน 48 ชม. | T57: FALSE | U57: 2026-10-03T14:57:33+07:00 | V57: https://api-v3.thaiwater.net/api/v1/thaiwater30/public/canal_waterlevel | W57: {"canal_datetime":"2026-09-28 13:20","canal_value":0.93,"canal_out":0,"agency":{"agency_name":{"th":"สำนักการระบายน้ำ กรุงเทพมหานคร","en":"Department of Bangkok","jp":""}},"geocode":{"area_code":"1","area_name":{"th":"กรุงเทพมหานคร","en":"Bangkok"},"amphoe_name":{"th":"ทวีวัฒนา","en":"Thawi Watthana District"},"tumbon_name":{"th":"ศาลาธรรมสพน์","en":"Sala Thammasop"},"province_code":"10","province_name":{"th":"กรุงเทพมหานคร","en":"Bangkok"}},"station":{"id":282,"canal_name":{"th":"ค.ซอย ถ.ศาลาธรรมสพน์"},"canal_lat":13.80014,"canal_long":100.34874,"canal_oldcode":"WL.KSO.02","bank":2,"warning_level":0.9,"critical_level":1}}
A58: THAIWATER:9 | B58: LP02 | C58: คลองลาดพร้าวช่วงวัดลาดพร้าว เขตลาดพร้าว | D58: ห้วยขวาง | F58: 13.803017 | G58: 100.58826 | H58: 2019-12-24T14:38:00+07:00 | I58: -0.033 | N58: ไม่ทราบ | O58: ไม่ทราบ | R58: 3564019.6 | S58: ข้อมูลเก่าเกิน 48 ชม. | T58: FALSE | U58: 2026-10-03T14:57:33+07:00 | V58: https://api-v3.thaiwater.net/api/v1/thaiwater30/public/canal_waterlevel | W58: {"canal_datetime":"2019-12-24 14:38","canal_value":-0.033,"canal_out":0,"agency":{"agency_name":{"th":"สำนักการระบายน้ำ กรุงเทพมหานคร","en":"Department of Bangkok","jp":""}},"geocode":{"area_code":"1","area_name":{"th":"กรุงเทพมหานคร","en":"Bangkok"},"amphoe_name":{"th":"ห้วยขวาง","en":"Huai Khwang District"},"tumbon_name":{"th":"สามเสนนอก","en":"Sam Sen Nok"},"province_code":"10","province_name":{"th":"กรุงเทพมหานคร","en":"Bangkok"}},"station":{"id":9,"canal_name":{"th":"คลองลาดพร้าวช่วงวัดลาดพร้าว เขตลาดพร้าว"},"canal_lat":13.803017,"canal_long":100.588259,"canal_oldcode":"LP02","bank":null,"warning_level":null,"critical_level":null}}
A59: THAIWATER:3 | B59: BS01 | C59: คลองบางซื่อช่วง ถ.พระรามที่ 5 เขตบางซื่อ | D59: ดุสิต | F59: 13.798166 | G59: 100.53228 | H59: 2019-12-24T14:38:00+07:00 | I59: -0.095 | N59: ไม่ทราบ | O59: ไม่ทราบ | R59: 3564019.6 | S59: ข้อมูลเก่าเกิน 48 ชม. | T59: FALSE | U59: 2026-10-03T14:57:33+07:00 | V59: https://api-v3.thaiwater.net/api/v1/thaiwater30/public/canal_waterlevel | W59: {"canal_datetime":"2019-12-24 14:38","canal_value":-0.095,"canal_out":0,"agency":{"agency_name":{"th":"สำนักการระบายน้ำ กรุงเทพมหานคร","en":"Department of Bangkok","jp":""}},"geocode":{"area_code":"1","area_name":{"th":"กรุงเทพมหานคร","en":"Bangkok"},"amphoe_name":{"th":"ดุสิต","en":"Dusit District"},"tumbon_name":{"th":"ถนนนครไชยศรี","en":"Thanon Nakhon Chaisi"},"province_code":"10","province_name":{"th":"กรุงเทพมหานคร","en":"Bangkok"}},"station":{"id":3,"canal_name":{"th":"คลองบางซื่อช่วง ถ.พระรามที่ 5 เขตบางซื่อ"},"canal_lat":13.798166,"canal_long":100.532279,"canal_oldcode":"BS01","bank":null,"warning_level":null,"critical_level":null}}
A60: THAIWATER:8 | B60: SA04 | C60: คลองสามเสนช่วง ถ.เอกมัย เขตห้วยขวาง | D60: ห้วยขวาง | F60: 13.750381 | G60: 100.5927 | H60: 2019-12-24T14:38:00+07:00 | I60: -0.936 | N60: ไม่ทราบ | O60: ไม่ทราบ | R60: 3564019.6 | S60: ข้อมูลเก่าเกิน 48 ชม. | T60: FALSE | U60: 2026-10-03T14:57:33+07:00 | V60: https://api-v3.thaiwater.net/api/v1/thaiwater30/public/canal_waterlevel | W60: {"canal_datetime":"2019-12-24 14:38","canal_value":-0.936,"canal_out":0,"agency":{"agency_name":{"th":"สำนักการระบายน้ำ กรุงเทพมหานคร","en":"Department of Bangkok","jp":""}},"geocode":{"area_code":"1","area_name":{"th":"กรุงเทพมหานคร","en":"Bangkok"},"amphoe_name":{"th":"ห้วยขวาง","en":"Huai Khwang District"},"tumbon_name":{"th":"บางกะปิ","en":"Bang Kapi"},"province_code":"10","province_name":{"th":"กรุงเทพมหานคร","en":"Bangkok"}},"station":{"id":8,"canal_name":{"th":"คลองสามเสนช่วง ถ.เอกมัย เขตห้วยขวาง"},"canal_lat":13.750381,"canal_long":100.592702,"canal_oldcode":"SA04","bank":null,"warning_level":null,"critical_level":null}}
A61: THAIWATER:295 | B61: WL.BKL.01 | C61: ค.บางโคลัด ถ.บางบอน 1 | D61: บางบอน | F61: 13.68658 | G61: 100.42615 | H61: 2024-05-14T13:50:00+07:00 | I61: -0.19 | L61: 1.65 | M61: 1.85 | N61: ไม่ทราบ | O61: ไม่ทราบ | R61: 1255747.6 | S61: ข้อมูลเก่าเกิน 48 ชม. | T61: FALSE | U61: 2026-10-03T14:57:33+07:00 | V61: https://api-v3.thaiwater.net/api/v1/thaiwater30/public/canal_waterlevel | W61: {"canal_datetime":"2024-05-14 13:50","canal_value":-0.19,"canal_out":0,"agency":{"agency_name":{"th":"สำนักการระบายน้ำ กรุงเทพมหานคร","en":"Department of Bangkok","jp":""}},"geocode":{"area_code":"1","area_name":{"th":"กรุงเทพมหานคร","en":"Bangkok"},"amphoe_name":{"th":"บางบอน","en":"Bang Bon District"},"tumbon_name":{"th":"บางบอน","en":"Bang Bon"},"province_code":"10","province_name":{"th":"กรุงเทพมหานคร","en":"Bangkok"}},"station":{"id":295,"canal_name":{"th":"ค.บางโคลัด ถ.บางบอน 1"},"canal_lat":13.68658,"canal_long":100.42615,"canal_oldcode":"WL.BKL.01","bank":1.4,"warning_level":1.65,"critical_level":1.85}}
A62: THAIWATER:200 | B62: WL.KNK.01 | C62: ค.คูนายกิม ถ.ประชาอุทิศ | D62: ดอนเมือง | F62: 13.9272 | G62: 100.58565 | H62: 2024-04-23T16:05:00+07:00 | I62: -0.02 | L62: 0.7 | M62: 0.9 | N62: ไม่ทราบ | O62: ไม่ทราบ | R62: 1285852.6 | S62: ข้อมูลเก่าเกิน 48 ชม. | T62: FALSE | U62: 2026-10-03T14:57:33+07:00 | V62: https://api-v3.thaiwater.net/api/v1/thaiwater30/public/canal_waterlevel | W62: {"canal_datetime":"2024-04-23 16:05","canal_value":-0.02,"canal_out":0,"agency":{"agency_name":{"th":"สำนักการระบายน้ำ กรุงเทพมหานคร","en":"Department of Bangkok","jp":""}},"geocode":{"area_code":"1","area_name":{"th":"กรุงเทพมหานคร","en":"Bangkok"},"amphoe_name":{"th":"ดอนเมือง","en":"Don Mueang District"},"tumbon_name":{"th":"สีกัน","en":"Si Kan"},"province_code":"10","province_name":{"th":"กรุงเทพมหานคร","en":"Bangkok"}},"station":{"id":200,"canal_name":{"th":"ค.คูนายกิม ถ.ประชาอุทิศ"},"canal_lat":13.9272,"canal_long":100.58565,"canal_oldcode":"WL.KNK.01","bank":2,"warning_level":0.7,"critical_level":0.9}}
A63: THAIWATER:175 | B63: WL.LPT.04 | C63: ค.ลำปลาทิว ซ.เชื่อมสัมพันธ์ 25 | D63: หนองจอก | F63: 13.81747 | G63: 100.85013 | H63: 2024-08-19T21:55:00+07:00 | I63: 2 | L63: 0.8 | M63: 0.9 | N63: ไม่ทราบ | O63: ไม่ทราบ | R63: 1115582.6 | S63: ข้อมูลเก่าเกิน 48 ชม. | T63: FALSE | U63: 2026-10-03T14:57:33+07:00 | V63: https://api-v3.thaiwater.net/api/v1/thaiwater30/public/canal_waterlevel | W63: {"canal_datetime":"2024-08-19 21:55","canal_value":2,"canal_out":0,"agency":{"agency_name":{"th":"สำนักการระบายน้ำ กรุงเทพมหานคร","en":"Department of Bangkok","jp":""}},"geocode":{"area_code":"1","area_name":{"th":"กรุงเทพมหานคร","en":"Bangkok"},"amphoe_name":{"th":"หนองจอก","en":"Nong Chok District"},"tumbon_name":{"th":"โคกแฝด","en":"Khok Faet"},"province_code":"10","province_name":{"th":"กรุงเทพมหานคร","en":"Bangkok"}},"station":{"id":175,"canal_name":{"th":"ค.ลำปลาทิว ซ.เชื่อมสัมพันธ์ 25"},"canal_lat":13.81747,"canal_long":100.85013,"canal_oldcode":"WL.LPT.04","bank":2,"warning_level":0.8,"critical_level":0.9}}
A64: THAIWATER:297 | B64: WL.WKT.01 | C64: ค.วัดไก่เตี้ย ส.คลองวัดไก่เตี้ย | D64: ตลิ่งชัน | F64: 13.78422 | G64: 100.46424 | H64: 2026-09-28T13:20:00+07:00 | I64: 0.02 | L64: 1.65 | M64: 1.85 | N64: ไม่ทราบ | O64: ไม่ทราบ | R64: 7297.6 | S64: ข้อมูลเก่าเกิน 48 ชม. | T64: FALSE | U64: 2026-10-03T14:57:33+07:00 | V64: https://api-v3.thaiwater.net/api/v1/thaiwater30/public/canal_waterlevel | W64: {"canal_datetime":"2026-09-28 13:20","canal_value":0.02,"canal_out":0,"agency":{"agency_name":{"th":"สำนักการระบายน้ำ กรุงเทพมหานคร","en":"Department of Bangkok","jp":""}},"geocode":{"area_code":"1","area_name":{"th":"กรุงเทพมหานคร","en":"Bangkok"},"amphoe_name":{"th":"ตลิ่งชัน","en":"Taling Chan District"},"tumbon_name":{"th":"ตลิ่งชัน","en":"Taling Chan"},"province_code":"10","province_name":{"th":"กรุงเทพมหานคร","en":"Bangkok"}},"station":{"id":297,"canal_name":{"th":"ค.วัดไก่เตี้ย ส.คลองวัดไก่เตี้ย"},"canal_lat":13.78422,"canal_long":100.46424,"canal_oldcode":"WL.WKT.01","bank":2,"warning_level":1.65,"critical_level":1.85}}
A65: THAIWATER:278 | B65: WL.BLP.02 | C65: ค.บางลำพู สะพานผ่านฟ้า | D65: พระนคร | F65: 13.75655 | G65: 100.50563 | H65: 2026-09-28T13:20:00+07:00 | I65: -0.24 | L65: 1.65 | M65: 1.85 | N65: ไม่ทราบ | O65: ไม่ทราบ | R65: 7297.6 | S65: ข้อมูลเก่าเกิน 48 ชม. | T65: FALSE | U65: 2026-10-03T14:57:33+07:00 | V65: https://api-v3.thaiwater.net/api/v1/thaiwater30/public/canal_waterlevel | W65: {"canal_datetime":"2026-09-28 13:20","canal_value":-0.24,"canal_out":0,"agency":{"agency_name":{"th":"สำนักการระบายน้ำ กรุงเทพมหานคร","en":"Department of Bangkok","jp":""}},"geocode":{"area_code":"1","area_name":{"th":"กรุงเทพมหานคร","en":"Bangkok"},"amphoe_name":{"th":"พระนคร","en":"Phra Nakhon District"},"tumbon_name":{"th":"บ้านพานถม","en":"Ban Phan Thom"},"province_code":"10","province_name":{"th":"กรุงเทพมหานคร","en":"Bangkok"}},"station":{"id":278,"canal_name":{"th":"ค.บางลำพู สะพานผ่านฟ้า"},"canal_lat":13.75655,"canal_long":100.50563,"canal_oldcode":"WL.BLP.02","bank":1,"warning_level":1.65,"critical_level":1.85}}
A66: THAIWATER:56 | B66: WL.BSU.05 | C66: ค.บางซื่อ ถ.วิภาวดีฯ | D66: ดินแดง | F66: 13.79486 | G66: 100.56157 | H66: 2026-09-28T01:30:00+07:00 | I66: -0.79 | L66: 0.3 | M66: 0.5 | N66: ไม่ทราบ | O66: ไม่ทราบ | R66: 8007.6 | S66: ข้อมูลเก่าเกิน 48 ชม. | T66: FALSE | U66: 2026-10-03T14:57:33+07:00 | V66: https://api-v3.thaiwater.net/api/v1/thaiwater30/public/canal_waterlevel | W66: {"canal_datetime":"2026-09-28 01:30","canal_value":-0.79,"canal_out":0,"agency":{"agency_name":{"th":"สำนักการระบายน้ำ กรุงเทพมหานคร","en":"Department of Bangkok","jp":""}},"geocode":{"area_code":"1","area_name":{"th":"กรุงเทพมหานคร","en":"Bangkok"},"amphoe_name":{"th":"ดินแดง","en":"Din Daeng District"},"tumbon_name":{"th":"ดินแดง","en":"Din Daeng"},"province_code":"10","province_name":{"th":"กรุงเทพมหานคร","en":"Bangkok"}},"station":{"id":56,"canal_name":{"th":"ค.บางซื่อ ถ.วิภาวดีฯ"},"canal_lat":13.79486,"canal_long":100.56157,"canal_oldcode":"WL.BSU.05","bank":1.9,"warning_level":0.3,"critical_level":0.5}}
A67: THAIWATER:244 | B67: WL.KSI.02 | C67: ค.สี่ ถ.เจ้าคุณทหาร | D67: ลาดกระบัง | F67: 13.75363 | G67: 100.7689 | H67: 2026-09-27T03:40:00+07:00 | I67: 1.05 | L67: 0.5 | M67: 0.6 | N67: ไม่ทราบ | O67: ไม่ทราบ | R67: 9317.6 | S67: ข้อมูลเก่าเกิน 48 ชม. | T67: FALSE | U67: 2026-10-03T14:57:33+07:00 | V67: https://api-v3.thaiwater.net/api/v1/thaiwater30/public/canal_waterlevel | W67: {"canal_datetime":"2026-09-27 03:40","canal_value":1.05,"canal_out":0,"agency":{"agency_name":{"th":"สำนักการระบายน้ำ กรุงเทพมหานคร","en":"Department of Bangkok","jp":""}},"geocode":{"area_code":"1","area_name":{"th":"กรุงเทพมหานคร","en":"Bangkok"},"amphoe_name":{"th":"ลาดกระบัง","en":"Lat Krabang District"},"tumbon_name":{"th":"คลองสามประเวศ","en":"Khlong Sam Prawet"},"province_code":"10","province_name":{"th":"กรุงเทพมหานคร","en":"Bangkok"}},"station":{"id":244,"canal_name":{"th":"ค.สี่ ถ.เจ้าคุณทหาร"},"canal_lat":13.75363,"canal_long":100.7689,"canal_oldcode":"WL.KSI.02","bank":1,"warning_level":0.5,"critical_level":0.6}}
A68: THAIWATER:177 | B68: WL.LPT.03 | C68: ค.ลำปลาทิว ซ.ฉลองกรุง 8 | D68: ลาดกระบัง | F68: 13.74068 | G68: 100.79474 | H68: 2026-09-28T01:55:00+07:00 | I68: 0.94 | L68: 0.5 | M68: 0.6 | N68: ไม่ทราบ | O68: ไม่ทราบ | R68: 7982.6 | S68: ข้อมูลเก่าเกิน 48 ชม. | T68: FALSE | U68: 2026-10-03T14:57:33+07:00 | V68: https://api-v3.thaiwater.net/api/v1/thaiwater30/public/canal_waterlevel | W68: {"canal_datetime":"2026-09-28 01:55","canal_value":0.94,"canal_out":0,"agency":{"agency_name":{"th":"สำนักการระบายน้ำ กรุงเทพมหานคร","en":"Department of Bangkok","jp":""}},"geocode":{"area_code":"1","area_name":{"th":"กรุงเทพมหานคร","en":"Bangkok"},"amphoe_name":{"th":"ลาดกระบัง","en":"Lat Krabang District"},"tumbon_name":{"th":"ลำปลาทิว","en":"Lam Pla Thio"},"province_code":"10","province_name":{"th":"กรุงเทพมหานคร","en":"Bangkok"}},"station":{"id":177,"canal_name":{"th":"ค.ลำปลาทิว ซ.ฉลองกรุง 8"},"canal_lat":13.74068,"canal_long":100.79474,"canal_oldcode":"WL.LPT.03","bank":0.5,"warning_level":0.5,"critical_level":0.6}}
A69: THAIWATER:45 | B69: WL.BJK.03 | C69: ค.บางจาก-ค.บางหว้า | D69: ภาษีเจริญ | F69: 13.71868 | G69: 100.44174 | H69: 2026-09-28T13:20:00+07:00 | I69: 0.5 | L69: 0.6 | M69: 0.7 | N69: ไม่ทราบ | O69: ไม่ทราบ | R69: 7297.6 | S69: ข้อมูลเก่าเกิน 48 ชม. | T69: FALSE | U69: 2026-10-03T14:57:33+07:00 | V69: https://api-v3.thaiwater.net/api/v1/thaiwater30/public/canal_waterlevel | W69: {"canal_datetime":"2026-09-28 13:20","canal_value":0.5,"canal_out":0,"agency":{"agency_name":{"th":"สำนักการระบายน้ำ กรุงเทพมหานคร","en":"Department of Bangkok","jp":""}},"geocode":{"area_code":"1","area_name":{"th":"กรุงเทพมหานคร","en":"Bangkok"},"amphoe_name":{"th":"ภาษีเจริญ","en":"Phasi Charoen District"},"tumbon_name":{"th":"บางด้วน","en":"Bang Duan"},"province_code":"10","province_name":{"th":"กรุงเทพมหานคร","en":"Bangkok"}},"station":{"id":45,"canal_name":{"th":"ค.บางจาก-ค.บางหว้า "},"canal_lat":13.71868,"canal_long":100.44174,"canal_oldcode":"WL.BJK.03","bank":1.07,"warning_level":0.6,"critical_level":0.7}}
A70: THAIWATER:247 | B70: WL.TPK.03 | C70: ค.ตาพุก ค.ทับช้างบน | D70: สะพานสูง | F70: 13.74247 | G70: 100.70891 | H70: 2026-09-28T13:20:00+07:00 | I70: 0.89 | L70: 0.3 | M70: 0.4 | N70: ไม่ทราบ | O70: ไม่ทราบ | R70: 7297.6 | S70: ข้อมูลเก่าเกิน 48 ชม. | T70: FALSE | U70: 2026-10-03T14:57:33+07:00 | V70: https://api-v3.thaiwater.net/api/v1/thaiwater30/public/canal_waterlevel | W70: {"canal_datetime":"2026-09-28 13:20","canal_value":0.89,"canal_out":0,"agency":{"agency_name":{"th":"สำนักการระบายน้ำ กรุงเทพมหานคร","en":"Department of Bangkok","jp":""}},"geocode":{"area_code":"1","area_name":{"th":"กรุงเทพมหานคร","en":"Bangkok"},"amphoe_name":{"th":"สะพานสูง","en":"Saphan Sung District"},"tumbon_name":{"th":"สะพานสูง","en":"Saphan Sung"},"province_code":"10","province_name":{"th":"กรุงเทพมหานคร","en":"Bangkok"}},"station":{"id":247,"canal_name":{"th":"ค.ตาพุก ค.ทับช้างบน"},"canal_lat":13.74247,"canal_long":100.70891,"canal_oldcode":"WL.TPK.03","bank":1,"warning_level":0.3,"critical_level":0.4}}
A71: THAIWATER:142 | B71: WL.TWW.05 | C71: ค.ทวีวัฒนา-ภาษีฯ | D71: หนองแขม | F71: 13.69163 | G71: 100.38106 | H71: 2026-09-28T13:20:00+07:00 | I71: 0.75 | L71: 0.6 | M71: 0.7 | N71: ไม่ทราบ | O71: ไม่ทราบ | R71: 7297.6 | S71: ข้อมูลเก่าเกิน 48 ชม. | T71: FALSE | U71: 2026-10-03T14:57:33+07:00 | V71: https://api-v3.thaiwater.net/api/v1/thaiwater30/public/canal_waterlevel | W71: {"canal_datetime":"2026-09-28 13:20","canal_value":0.75,"canal_out":0,"agency":{"agency_name":{"th":"สำนักการระบายน้ำ กรุงเทพมหานคร","en":"Department of Bangkok","jp":""}},"geocode":{"area_code":"1","area_name":{"th":"กรุงเทพมหานคร","en":"Bangkok"},"amphoe_name":{"th":"หนองแขม","en":"Nong Khaem District"},"tumbon_name":{"th":"หนองแขม","en":"Nong Khaem"},"province_code":"10","province_name":{"th":"กรุงเทพมหานคร","en":"Bangkok"}},"station":{"id":142,"canal_name":{"th":"ค.ทวีวัฒนา-ภาษีฯ"},"canal_lat":13.69163,"canal_long":100.38106,"canal_oldcode":"WL.TWW.05","bank":1.85,"warning_level":0.6,"critical_level":0.7}}
A72: THAIWATER:50 | B72: WL.BPM.01 | C72: ค.บางพรม-ค.ชักพระ | D72: ตลิ่งชัน | F72: 13.75973 | G72: 100.45337 | H72: 2026-09-28T13:20:00+07:00 | I72: 0.31 | L72: 0.6 | M72: 0.7 | N72: ไม่ทราบ | O72: ไม่ทราบ | R72: 7297.6 | S72: ข้อมูลเก่าเกิน 48 ชม. | T72: FALSE | U72: 2026-10-03T14:57:33+07:00 | V72: https://api-v3.thaiwater.net/api/v1/thaiwater30/public/canal_waterlevel | W72: {"canal_datetime":"2026-09-28 13:20","canal_value":0.31,"canal_out":0,"agency":{"agency_name":{"th":"สำนักการระบายน้ำ กรุงเทพมหานคร","en":"Department of Bangkok","jp":""}},"geocode":{"area_code":"1","area_name":{"th":"กรุงเทพมหานคร","en":"Bangkok"},"amphoe_name":{"th":"ตลิ่งชัน","en":"Taling Chan District"},"tumbon_name":{"th":"บางระมาด","en":"Bang Ramat"},"province_code":"10","province_name":{"th":"กรุงเทพมหานคร","en":"Bangkok"}},"station":{"id":50,"canal_name":{"th":"ค.บางพรม-ค.ชักพระ"},"canal_lat":13.75973,"canal_long":100.45337,"canal_oldcode":"WL.BPM.01","bank":1.87,"warning_level":0.6,"critical_level":0.7}}
... A74: THAIWATER:82 | B74: WL.PWT.03 | C74: ปตร.คลองประเวศฯ-วัดกระทุ่มฯ | D74: ประเวศ | F74: 13.72396 | G74: 100.68956 | H74: 2026-09-28T13:15:00+07:00 | I74: 0.72 | L74: 0.3 | M74: 0.4 | N74: ไม่ทราบ | O74: ไม่ทราบ | R74: 7302.6 | S74: ข้อมูลเก่าเกิน 48 ชม. | T74: FALSE | U74: 2026-10-03T14:57:33+07:00 | V74: https://api-v3.thaiwater.net/api/v1/thaiwater30/public/canal_waterlevel | W74: {"canal_datetime":"2026-09-28 13:15","canal_value":0.72,"canal_out":0.73,"agency":{"agency_name":{"th":"สำนักการระบายน้ำ กรุงเทพมหานคร","en":"Department of Bangkok","jp":""}},"geocode":{"area_code":"1","area_name":{"th":"กรุงเทพมหานคร","en":"Bangkok"},"amphoe_name":{"th":"ประเวศ","en":"Prawet District"},"tumbon_name":{"th":"ประเวศ","en":"Prawet"},"province_code":"10","province_name":{"th":"กรุงเทพมหานคร","en":"Bangkok"}},"station":{"id":82,"canal_name":{"th":"ปตร.คลองประเวศฯ-วัดกระทุ่มฯ"},"canal_lat":13.72396,"canal_long":100.68956,"canal_oldcode":"WL.PWT.03","bank":1.98,"warning_level":0.3,"critical_level":0.4}}
A75: THAIWATER:117 | B75: WL.NKW.01 | C75: ค.น้ำแก้ว-รัชดาฯ | D75: ห้วยขวาง | F75: 13.80104 | G75: 100.57494 | H75: 2021-10-29T09:35:00+07:00 | I75: -0.87 | N75: ไม่ทราบ | O75: ไม่ทราบ | R75: 2592322.6 | S75: ข้อมูลเก่าเกิน 48 ชม. | T75: FALSE | U75: 2026-10-03T14:57:33+07:00 | V75: https://api-v3.thaiwater.net/api/v1/thaiwater30/public/canal_waterlevel | W75: {"canal_datetime":"2021-10-29 09:35","canal_value":-0.87,"canal_out":0,"agency":{"agency_name":{"th":"สำนักการระบายน้ำ กรุงเทพมหานคร","en":"Department of Bangkok","jp":""}},"geocode":{"area_code":"1","area_name":{"th":"กรุงเทพมหานคร","en":"Bangkok"},"amphoe_name":{"th":"ห้วยขวาง","en":"Huai Khwang District"},"tumbon_name":{"th":"สามเสนนอก","en":"Sam Sen Nok"},"province_code":"10","province_name":{"th":"กรุงเทพมหานคร","en":"Bangkok"}},"station":{"id":117,"canal_name":{"th":"ค.น้ำแก้ว-รัชดาฯ"},"canal_lat":13.80104,"canal_long":100.57494,"canal_oldcode":"WL.NKW.01","bank":null,"warning_level":null,"critical_level":null}}
A76: THAIWATER:78 | B76: WL.SSN.08 | C76: ส.สามเสน-ค.แสนแสบ | D76: ห้วยขวาง | F76: 13.74851 | G76: 100.59904 | H76: 2026-09-28T13:20:00+07:00 | I76: 0.12 | L76: -0.1 | M76: 0 | N76: ไม่ทราบ | O76: ไม่ทราบ | R76: 7297.6 | S76: ข้อมูลเก่าเกิน 48 ชม. | T76: FALSE | U76: 2026-10-03T14:57:33+07:00 | V76: https://api-v3.thaiwater.net/api/v1/thaiwater30/public/canal_waterlevel | W76: {"canal_datetime":"2026-09-28 13:20","canal_value":0.12,"canal_out":0.21,"agency":{"agency_name":{"th":"สำนักการระบายน้ำ กรุงเทพมหานคร","en":"Department of Bangkok","jp":""}},"geocode":{"area_code":"1","area_name":{"th":"กรุงเทพมหานคร","en":"Bangkok"},"amphoe_name":{"th":"ห้วยขวาง","en":"Huai Khwang District"},"tumbon_name":{"th":"บางกะปิ","en":"Bang Kapi"},"province_code":"10","province_name":{"th":"กรุงเทพมหานคร","en":"Bangkok"}},"station":{"id":78,"canal_name":{"th":"ส.สามเสน-ค.แสนแสบ"},"canal_lat":13.74851,"canal_long":100.59904,"canal_oldcode":"WL.SSN.08","bank":1.98,"warning_level":-0.1,"critical_level":0}}
A77: THAIWATER:192 | B77: WL.BLY.01 | C77: ค.บ้านหลาย ถ.สุขุมวิท 77 | D77: สวนหลวง | F77: 13.70918 | G77: 100.6217 | H77: 2026-09-28T13:20:00+07:00 | I77: 0.15 | L77: -0.5 | M77: -0.4 | N77: ไม่ทราบ | O77: ไม่ทราบ | R77: 7297.6 | S77: ข้อมูลเก่าเกิน 48 ชม. | T77: FALSE | U77: 2026-10-03T14:57:33+07:00 | V77: https://api-v3.thaiwater.net/api/v1/thaiwater30/public/canal_waterlevel | W77: {"canal_datetime":"2026-09-28 13:20","canal_value":0.15,"canal_out":0,"agency":{"agency_name":{"th":"สำนักการระบายน้ำ กรุงเทพมหานคร","en":"Department of Bangkok","jp":""}},"geocode":{"area_code":"1","area_name":{"th":"กรุงเทพมหานคร","en":"Bangkok"},"amphoe_name":{"th":"สวนหลวง","en":"Suan Luang District"},"tumbon_name":{"th":"สวนหลวง","en":"Suan Luang"},"province_code":"10","province_name":{"th":"กรุงเทพมหานคร","en":"Bangkok"}},"station":{"id":192,"canal_name":{"th":"ค.บ้านหลาย ถ.สุขุมวิท 77"},"canal_lat":13.70918,"canal_long":100.6217,"canal_oldcode":"WL.BLY.01","bank":0.6,"warning_level":-0.5,"critical_level":-0.4}}
A78: THAIWATER:197 | B78: WL.HKG.01 | C78: ค.ห้วยขวาง ถ.ประชาสงเคราะห์ | D78: ดินแดง | F78: 13.77814 | G78: 100.57206 | H78: 2026-09-28T13:20:00+07:00 | I78: -0.34 | L78: -0.2 | M78: 0 | N78: ไม่ทราบ | O78: ไม่ทราบ | R78: 7297.6 | S78: ข้อมูลเก่าเกิน 48 ชม. | T78: FALSE | U78: 2026-10-03T14:57:33+07:00 | V78: https://api-v3.thaiwater.net/api/v1/thaiwater30/public/canal_waterlevel | W78: {"canal_datetime":"2026-09-28 13:20","canal_value":-0.34,"canal_out":0,"agency":{"agency_name":{"th":"สำนักการระบายน้ำ กรุงเทพมหานคร","en":"Department of Bangkok","jp":""}},"geocode":{"area_code":"1","area_name":{"th":"กรุงเทพมหานคร","en":"Bangkok"},"amphoe_name":{"th":"ดินแดง","en":"Din Daeng District"},"tumbon_name":{"th":"ดินแดง","en":"Din Daeng"},"province_code":"10","province_name":{"th":"กรุงเทพมหานคร","en":"Bangkok"}},"station":{"id":197,"canal_name":{"th":"ค.ห้วยขวาง ถ.ประชาสงเคราะห์"},"canal_lat":13.77814,"canal_long":100.57206,"canal_oldcode":"WL.HKG.01","bank":0,"warning_level":-0.2,"critical_level":0}}
A79: THAIWATER:210 | B79: WL.KLA.01 | C79: ค.ลาว ถ.พัฒนาการ | D79: สวนหลวง | F79: 13.73722 | G79: 100.62499 | H79: 2026-09-28T13:20:00+07:00 | I79: 0.54 | L79: -0.2 | M79: 0 | N79: ไม่ทราบ | O79: ไม่ทราบ | R79: 7297.6 | S79: ข้อมูลเก่าเกิน 48 ชม. | T79: FALSE | U79: 2026-10-03T14:57:33+07:00 | V79: https://api-v3.thaiwater.net/api/v1/thaiwater30/public/canal_waterlevel | W79: {"canal_datetime":"2026-09-28 13:20","canal_value":0.54,"canal_out":0,"agency":{"agency_name":{"th":"สำนักการระบายน้ำ กรุงเทพมหานคร","en":"Department of Bangkok","jp":""}},"geocode":{"area_code":"1","area_name":{"th":"กรุงเทพมหานคร","en":"Bangkok"},"amphoe_name":{"th":"สวนหลวง","en":"Suan Luang District"},"tumbon_name":{"th":"สวนหลวง","en":"Suan Luang"},"province_code":"10","province_name":{"th":"กรุงเทพมหานคร","en":"Bangkok"}},"station":{"id":210,"canal_name":{"th":"ค.ลาว ถ.พัฒนาการ"},"canal_lat":13.73722,"canal_long":100.62499,"canal_oldcode":"WL.KLA.01","bank":1.26,"warning_level":-0.2,"critical_level":0}}
A80: THAIWATER:92 | B80: WL.SRG.01 | C80: ส.คลองสำโรง | D80: เมืองสมุทรปราการ | F80: 13.64855 | G80: 100.59523 | H80: 2026-09-28T13:20:00+07:00 | I80: 0.2 | L80: 1.5 | M80: 1.8 | N80: ไม่ทราบ | O80: ไม่ทราบ | R80: 7297.6 | S80: ข้อมูลเก่าเกิน 48 ชม. | T80: FALSE | U80: 2026-10-03T14:57:33+07:00 | V80: https://api-v3.thaiwater.net/api/v1/thaiwater30/public/canal_waterlevel | W80: {"canal_datetime":"2026-09-28 13:20","canal_value":0.2,"canal_out":0.98,"agency":{"agency_name":{"th":"สำนักการระบายน้ำ กรุงเทพมหานคร","en":"Department of Bangkok","jp":""}},"geocode":{"area_code":"2","area_name":{"th":"ภาคกลาง","en":"Central"},"amphoe_name":{"th":"เมืองสมุทรปราการ","en":"Mueang Samut Prakan District"},"tumbon_name":{"th":"เทพารักษ์","en":"Thepharak"},"province_code":"11","province_name":{"th":"สมุทรปราการ","en":"Samut Prakan"}},"station":{"id":92,"canal_name":{"th":"ส.คลองสำโรง"},"canal_lat":13.64855,"canal_long":100.59523,"canal_oldcode":"WL.SRG.01","bank":1.98,"warning_level":1.5,"critical_level":1.8}}
A81: THAIWATER:219 | B81: WL.LBK.03 | C81: ค.ลาดบัวขาว ซ.กาญจนาภิเษก 24 | D81: สะพานสูง | F81: 13.74974 | G81: 100.70291 | H81: 2026-09-28T13:20:00+07:00 | I81: 0.89 | L81: 0.3 | M81: 0.4 | N81: ไม่ทราบ | O81: ไม่ทราบ | R81: 7297.6 | S81: ข้อมูลเก่าเกิน 48 ชม. | T81: FALSE | U81: 2026-10-03T14:57:33+07:00 | V81: https://api-v3.thaiwater.net/api/v1/thaiwater30/public/canal_waterlevel | W81: {"canal_datetime":"2026-09-28 13:20","canal_value":0.89,"canal_out":0,"agency":{"agency_name":{"th":"สำนักการระบายน้ำ กรุงเทพมหานคร","en":"Department of Bangkok","jp":""}},"geocode":{"area_code":"1","area_name":{"th":"กรุงเทพมหานคร","en":"Bangkok"},"amphoe_name":{"th":"สะพานสูง","en":"Saphan Sung District"},"tumbon_name":{"th":"สะพานสูง","en":"Saphan Sung"},"province_code":"10","province_name":{"th":"กรุงเทพมหานคร","en":"Bangkok"}},"station":{"id":219,"canal_name":{"th":"ค.ลาดบัวขาว ซ.กาญจนาภิเษก 24"},"canal_lat":13.74974,"canal_long":100.70291,"canal_oldcode":"WL.LBK.03","bank":1.85,"warning_level":0.3,"critical_level":0.4}}
A82: THAIWATER:235 | B82: WL.NSG.01 | C82: ค.นาซอง ถ.ประชาสุข | D82: ดินแดง | F82: 13.77895 | G82: 100.56654 | H82: 2026-09-28T13:20:00+07:00 | I82: -2 | L82: 0 | M82: 0.1 | N82: ไม่ทราบ | O82: ไม่ทราบ | R82: 7297.6 | S82: ข้อมูลเก่าเกิน 48 ชม. | T82: FALSE | U82: 2026-10-03T14:57:33+07:00 | V82: https://api-v3.thaiwater.net/api/v1/thaiwater30/public/canal_waterlevel | W82: {"canal_datetime":"2026-09-28 13:20","canal_value":-2,"canal_out":0,"agency":{"agency_name":{"th":"สำนักการระบายน้ำ กรุงเทพมหานคร","en":"Department of Bangkok","jp":""}},"geocode":{"area_code":"1","area_name":{"th":"กรุงเทพมหานคร","en":"Bangkok"},"amphoe_name":{"th":"ดินแดง","en":"Din Daeng District"},"tumbon_name":{"th":"ดินแดง","en":"Din Daeng"},"province_code":"10","province_name":{"th":"กรุงเทพมหานคร","en":"Bangkok"}},"station":{"id":235,"canal_name":{"th":"ค.นาซอง ถ.ประชาสุข"},"canal_lat":13.77895,"canal_long":100.56654,"canal_oldcode":"WL.NSG.01","bank":1.85,"warning_level":0,"critical_level":0.1}}
A83: THAIWATER:127 | B83: WL.SSB.03 | C83: ค.แสนแสบ-อโศก | D83: วัฒนา | F83: 13.74783 | G83: 100.56304 | H83: 2026-09-28T13:20:00+07:00 | I83: 0.14 | L83: 0 | M83: 0.15 | N83: ไม่ทราบ | O83: ไม่ทราบ | R83: 7297.6 | S83: ข้อมูลเก่าเกิน 48 ชม. | T83: FALSE | U83: 2026-10-03T14:57:33+07:00 | V83: https://api-v3.thaiwater.net/api/v1/thaiwater30/public/canal_waterlevel | W83: {"canal_datetime":"2026-09-28 13:20","canal_value":0.14,"canal_out":0,"agency":{"agency_name":{"th":"สำนักการระบายน้ำ กรุงเทพมหานคร","en":"Department of Bangkok","jp":""}},"geocode":{"area_code":"1","area_name":{"th":"กรุงเทพมหานคร","en":"Bangkok"},"amphoe_name":{"th":"วัฒนา","en":"Vadhana District"},"tumbon_name":{"th":"คลองเตยเหนือ","en":"Khlong Toei Nuea"},"province_code":"10","province_name":{"th":"กรุงเทพมหานคร","en":"Bangkok"}},"station":{"id":127,"canal_name":{"th":"ค.แสนแสบ-อโศก"},"canal_lat":13.74783,"canal_long":100.56304,"canal_oldcode":"WL.SSB.03","bank":1.9,"warning_level":0,"critical_level":0.15}}
A84: THAIWATER:272 | B84: WL.BMK.01 | C84: ค.บางมะเขือ ถ.สุขุมวิท 71 | D84: วัฒนา | F84: 13.71693 | G84: 100.59558 | H84: 2026-09-28T13:20:00+07:00 | I84: -1.5 | L84: -0.3 | M84: 0 | N84: ไม่ทราบ | O84: ไม่ทราบ | R84: 7297.6 | S84: ข้อมูลเก่าเกิน 48 ชม. | T84: FALSE | U84: 2026-10-03T14:57:33+07:00 | V84: https://api-v3.thaiwater.net/api/v1/thaiwater30/public/canal_waterlevel | W84: {"canal_datetime":"2026-09-28 13:20","canal_value":-1.5,"canal_out":0,"agency":{"agency_name":{"th":"สำนักการระบายน้ำ กรุงเทพมหานคร","en":"Department of Bangkok","jp":""}},"geocode":{"area_code":"1","area_name":{"th":"กรุงเทพมหานคร","en":"Bangkok"},"amphoe_name":{"th":"วัฒนา","en":"Vadhana District"},"tumbon_name":{"th":"พระโขนงเหนือ","en":"Phra Khanong Nuea"},"province_code":"10","province_name":{"th":"กรุงเทพมหานคร","en":"Bangkok"}},"station":{"id":272,"canal_name":{"th":"ค.บางมะเขือ ถ.สุขุมวิท 71"},"canal_lat":13.71693,"canal_long":100.59558,"canal_oldcode":"WL.BMK.01","bank":0,"warning_level":-0.3,"critical_level":0}}
A85: THAIWATER:214 | B85: WL.LPG.03 | C85: ค.หลวงแพ่ง วัดลำต้อยติ่ง | D85: เมืองฉะเชิงเทรา | F85: 13.75489 | G85: 100.88956 | H85: 2026-09-28T13:20:00+07:00 | I85: 1.02 | L85: 0.6 | M85: 0.7 | N85: ไม่ทราบ | O85: ไม่ทราบ | R85: 7297.6 | S85: ข้อมูลเก่าเกิน 48 ชม. | T85: FALSE | U85: 2026-10-03T14:57:33+07:00 | V85: https://api-v3.thaiwater.net/api/v1/thaiwater30/public/canal_waterlevel | W85: {"canal_datetime":"2026-09-28 13:20","canal_value":1.02,"canal_out":0,"agency":{"agency_name":{"th":"สำนักการระบายน้ำ กรุงเทพมหานคร","en":"Department of Bangkok","jp":""}},"geocode":{"area_code":"2","area_name":{"th":"ภาคกลาง","en":"Central"},"amphoe_name":{"th":"เมืองฉะเชิงเทรา","en":"Mueang Chachoengsao District"},"tumbon_name":{"th":"คลองหลวงแพ่ง","en":"KHLONG LUANG PHAENG"},"province_code":"24","province_name":{"th":"ฉะเชิงเทรา","en":"Chachoengsao"}},"station":{"id":214,"canal_name":{"th":"ค.หลวงแพ่ง วัดลำต้อยติ่ง"},"canal_lat":13.75489,"canal_long":100.88956,"canal_oldcode":"WL.LPG.03","bank":1.85,"warning_level":0.6,"critical_level":0.7}}
A86: THAIWATER:669 | B86: WL.BSU.07 | C86: ค.บางซื่อ ถ.ลาดพร้าว | D86: ห้วยขวาง | F86: 13.79875 | G86: 100.58655 | H86: 2026-09-28T13:20:00+07:00 | I86: 0.21 | N86: ไม่ทราบ | O86: ไม่ทราบ | R86: 7297.6 | S86: ข้อมูลเก่าเกิน 48 ชม. | T86: FALSE | U86: 2026-10-03T14:57:33+07:00 | V86: https://api-v3.thaiwater.net/api/v1/thaiwater30/public/canal_waterlevel | W86: {"canal_datetime":"2026-09-28 13:20","canal_value":0.21,"canal_out":0,"agency":{"agency_name":{"th":"สำนักการระบายน้ำ กรุงเทพมหานคร","en":"Department of Bangkok","jp":""}},"geocode":{"area_code":"1","area_name":{"th":"กรุงเทพมหานคร","en":"Bangkok"},"amphoe_name":{"th":"ห้วยขวาง","en":"Huai Khwang District"},"tumbon_name":{"th":"สามเสนนอก","en":"Sam Sen Nok"},"province_code":"10","province_name":{"th":"กรุงเทพมหานคร","en":"Bangkok"}},"station":{"id":669,"canal_name":{"th":"ค.บางซื่อ ถ.ลาดพร้าว"},"canal_lat":13.79875,"canal_long":100.58655,"canal_oldcode":"WL.BSU.07","bank":null,"warning_level":null,"critical_level":null}}
A87: THAIWATER:182 | B87: WL.CKS.02 | C87: ค.เจ้าคุณสิงห์ ถ.ลาดพร้าว | D87: วังทองหลาง | F87: 13.78408 | G87: 100.61341 | H87: 2026-09-28T13:20:00+07:00 | I87: 0.25 | L87: -0.2 | M87: 0 | N87: ไม่ทราบ | O87: ไม่ทราบ | R87: 7297.6 | S87: ข้อมูลเก่าเกิน 48 ชม. | T87: FALSE | U87: 2026-10-03T14:57:33+07:00 | V87: https://api-v3.thaiwater.net/api/v1/thaiwater30/public/canal_waterlevel | W87: {"canal_datetime":"2026-09-28 13:20","canal_value":0.25,"canal_out":0,"agency":{"agency_name":{"th":"สำนักการระบายน้ำ กรุงเทพมหานคร","en":"Department of Bangkok","jp":""}},"geocode":{"area_code":"1","area_name":{"th":"กรุงเทพมหานคร","en":"Bangkok"},"amphoe_name":{"th":"วังทองหลาง","en":"Wang Thonglang District"},"tumbon_name":{"th":"วังทองหลาง","en":"Wang Thong Lang"},"province_code":"10","province_name":{"th":"กรุงเทพมหานคร","en":"Bangkok"}},"station":{"id":182,"canal_name":{"th":"ค.เจ้าคุณสิงห์ ถ.ลาดพร้าว"},"canal_lat":13.78408,"canal_long":100.61341,"canal_oldcode":"WL.CKS.02","bank":1,"warning_level":-0.2,"critical_level":0}}
A88: THAIWATER:109 | B88: WL.KPM.01 | C88: ค.เปรมฯ-อุโมงค์ | D88: บางซื่อ | F88: 13.80463 | G88: 100.53595 | H88: 2026-09-28T13:20:00+07:00 | I88: 0.66 | L88: 0.3 | M88: 0.4 | N88: ไม่ทราบ | O88: ไม่ทราบ | R88: 7297.6 | S88: ข้อมูลเก่าเกิน 48 ชม. | T88: FALSE | U88: 2026-10-03T14:57:33+07:00 | V88: https://api-v3.thaiwater.net/api/v1/thaiwater30/public/canal_waterlevel | W88: {"canal_datetime":"2026-09-28 13:20","canal_value":0.66,"canal_out":0,"agency":{"agency_name":{"th":"สำนักการระบายน้ำ กรุงเทพมหานคร","en":"Department of Bangkok","jp":""}},"geocode":{"area_code":"1","area_name":{"th":"กรุงเทพมหานคร","en":"Bangkok"},"amphoe_name":{"th":"บางซื่อ","en":"Bang Sue District"},"tumbon_name":{"th":"บางซื่อ","en":"Bang Sue"},"province_code":"10","province_name":{"th":"กรุงเทพมหานคร","en":"Bangkok"}},"station":{"id":109,"canal_name":{"th":"ค.เปรมฯ-อุโมงค์"},"canal_lat":13.80463,"canal_long":100.53595,"canal_oldcode":"WL.KPM.01","bank":1.85,"warning_level":0.3,"critical_level":0.4}}
A89: THAIWATER:97 | B89: WL.VPV.01 | C89: ส.รัชดา-วิภาวดี | D89: จตุจักร | F89: 13.83021 | G89: 100.5571 | H89: 2026-09-28T13:20:00+07:00 | I89: -1.24 | L89: 0.2 | M89: 0.3 | N89: ไม่ทราบ | O89: ไม่ทราบ | R89: 7297.6 | S89: ข้อมูลเก่าเกิน 48 ชม. | T89: FALSE | U89: 2026-10-03T14:57:33+07:00 | V89: https://api-v3.thaiwater.net/api/v1/thaiwater30/public/canal_waterlevel | W89: {"canal_datetime":"2026-09-28 13:20","canal_value":-1.24,"canal_out":0,"agency":{"agency_name":{"th":"สำนักการระบายน้ำ กรุงเทพมหานคร","en":"Department of Bangkok","jp":""}},"geocode":{"area_code":"2","area_name":{"th":"ภาคกลาง","en":"Central"},"amphoe_name":{"th":"จตุจักร","en":"Chatuchak District"},"tumbon_name":{"th":"จตุจักร","en":"Chatuchak"},"province_code":"10","province_name":{"th":"กรุงเทพมหานคร","en":"Bangkok"}},"station":{"id":97,"canal_name":{"th":"ส.รัชดา-วิภาวดี"},"canal_lat":13.83021,"canal_long":100.5571,"canal_oldcode":"WL.VPV.01","bank":1.85,"warning_level":0.2,"critical_level":0.3}}
A90: THAIWATER:211 | B90: WL.SSB.02 | C90: ค.แสนแสบ ซ.สมคิด | D90: ปทุมวัน | F90: 13.74846 | G90: 100.54583 | H90: 2026-03-23T23:20:00+07:00 | I90: -0.33 | L90: 0 | M90: 0.1 | N90: ไม่ทราบ | O90: ไม่ทราบ | R90: 278857.6 | S90: ข้อมูลเก่าเกิน 48 ชม. | T90: FALSE | U90: 2026-10-03T14:57:33+07:00 | V90: https://api-v3.thaiwater.net/api/v1/thaiwater30/public/canal_waterlevel | W90: {"canal_datetime":"2026-03-23 23:20","canal_value":-0.33,"canal_out":0,"agency":{"agency_name":{"th":"สำนักการระบายน้ำ กรุงเทพมหานคร","en":"Department of Bangkok","jp":""}},"geocode":{"area_code":"1","area_name":{"th":"กรุงเทพมหานคร","en":"Bangkok"},"amphoe_name":{"th":"ปทุมวัน","en":"Pathum Wan District"},"tumbon_name":{"th":"ลุมพินี","en":"Lumphini"},"province_code":"10","province_name":{"th":"กรุงเทพมหานคร","en":"Bangkok"}},"station":{"id":211,"canal_name":{"th":"ค.แสนแสบ ซ.สมคิด"},"canal_lat":13.74846,"canal_long":100.54583,"canal_oldcode":"WL.SSB.02","bank":1.85,"warning_level":0,"critical_level":0.1}}
A91: THAIWATER:252 | B91: WL.SNO.01 | C91: ค.เสือน้อย ถ.สุคนธสวัสดิ์ | D91: ลาดพร้าว | F91: 13.82306 | G91: 100.60897 | H91: 2026-09-28T13:20:00+07:00 | I91: -0.12 | L91: 0.3 | M91: 0.4 | N91: ไม่ทราบ | O91: ไม่ทราบ | R91: 7297.6 | S91: ข้อมูลเก่าเกิน 48 ชม. | T91: FALSE | U91: 2026-10-03T14:57:33+07:00 | V91: https://api-v3.thaiwater.net/api/v1/thaiwater30/public/canal_waterlevel | W91: {"canal_datetime":"2026-09-28 13:20","canal_value":-0.12,"canal_out":0,"agency":{"agency_name":{"th":"สำนักการระบายน้ำ กรุงเทพมหานคร","en":"Department of Bangkok","jp":""}},"geocode":{"area_code":"1","area_name":{"th":"กรุงเทพมหานคร","en":"Bangkok"},"amphoe_name":{"th":"ลาดพร้าว","en":"Lat Phrao District"},"tumbon_name":{"th":"ลาดพร้าว","en":"Lat Phrao"},"province_code":"10","province_name":{"th":"กรุงเทพมหานคร","en":"Bangkok"}},"station":{"id":252,"canal_name":{"th":"ค.เสือน้อย ถ.สุคนธสวัสดิ์"},"canal_lat":13.82306,"canal_long":100.60897,"canal_oldcode":"WL.SNO.01","bank":1,"warning_level":0.3,"critical_level":0.4}}
A92: THAIWATER:130 | B92: WL.SSB.08 | C92: ค.แสนแสบ-เสรีไทย 24 | D92: สะพานสูง | F92: 13.7805 | G92: 100.67387 | H92: 2026-09-28T13:20:00+07:00 | I92: 0.8 | L92: 0.35 | M92: 0.45 | N92: ไม่ทราบ | O92: ไม่ทราบ | R92: 7297.6 | S92: ข้อมูลเก่าเกิน 48 ชม. | T92: FALSE | U92: 2026-10-03T14:57:33+07:00 | V92: https://api-v3.thaiwater.net/api/v1/thaiwater30/public/canal_waterlevel | W92: {"canal_datetime":"2026-09-28 13:20","canal_value":0.8,"canal_out":0,"agency":{"agency_name":{"th":"สำนักการระบายน้ำ กรุงเทพมหานคร","en":"Department of Bangkok","jp":""}},"geocode":{"area_code":"1","area_name":{"th":"กรุงเทพมหานคร","en":"Bangkok"},"amphoe_name":{"th":"สะพานสูง","en":"Saphan Sung District"},"tumbon_name":{"th":"สะพานสูง","en":"Saphan Sung"},"province_code":"10","province_name":{"th":"กรุงเทพมหานคร","en":"Bangkok"}},"station":{"id":130,"canal_name":{"th":"ค.แสนแสบ-เสรีไทย 24"},"canal_lat":13.7805,"canal_long":100.67387,"canal_oldcode":"WL.SSB.08","bank":1.91,"warning_level":0.35,"critical_level":0.45}}
A93: THAIWATER:67 | B93: WL.SSB.10 | C93: ปตร.คลองแสนแสบ-ถ.ประชาร่วมใจ | D93: มีนบุรี | F93: 13.82094 | G93: 100.74738 | H93: 2026-09-28T13:20:00+07:00 | I93: 1.01 | L93: 0.6 | M93: 0.9 | N93: ไม่ทราบ | O93: ไม่ทราบ | R93: 7297.6 | S93: ข้อมูลเก่าเกิน 48 ชม. | T93: FALSE | U93: 2026-10-03T14:57:33+07:00 | V93: https://api-v3.thaiwater.net/api/v1/thaiwater30/public/canal_waterlevel | W93: {"canal_datetime":"2026-09-28 13:20","canal_value":1.01,"canal_out":1.24,"agency":{"agency_name":{"th":"สำนักการระบายน้ำ กรุงเทพมหานคร","en":"Department of Bangkok","jp":""}},"geocode":{"area_code":"1","area_name":{"th":"กรุงเทพมหานคร","en":"Bangkok"},"amphoe_name":{"th":"มีนบุรี","en":"Min Buri District"},"tumbon_name":{"th":"มีนบุรี","en":"Min Buri"},"province_code":"10","province_name":{"th":"กรุงเทพมหานคร","en":"Bangkok"}},"station":{"id":67,"canal_name":{"th":"ปตร.คลองแสนแสบ-ถ.ประชาร่วมใจ"},"canal_lat":13.82094,"canal_long":100.74738,"canal_oldcode":"WL.SSB.10","bank":1.98,"warning_level":0.6,"critical_level":0.9}}
A94: THAIWATER:204 | B94: WL.KKD.01 | C94: ค.เคล็ด ถ.สุขุมวิท 77 | D94: สวนหลวง | F94: 13.7091 | G94: 100.6307 | H94: 2026-09-28T13:20:00+07:00 | I94: 0.33 | L94: 0.5 | M94: 0.6 | N94: ไม่ทราบ | O94: ไม่ทราบ | R94: 7297.6 | S94: ข้อมูลเก่าเกิน 48 ชม. | T94: FALSE | U94: 2026-10-03T14:57:33+07:00 | V94: https://api-v3.thaiwater.net/api/v1/thaiwater30/public/canal_waterlevel | W94: {"canal_datetime":"2026-09-28 13:20","canal_value":0.33,"canal_out":0,"agency":{"agency_name":{"th":"สำนักการระบายน้ำ กรุงเทพมหานคร","en":"Department of Bangkok","jp":""}},"geocode":{"area_code":"1","area_name":{"th":"กรุงเทพมหานคร","en":"Bangkok"},"amphoe_name":{"th":"สวนหลวง","en":"Suan Luang District"},"tumbon_name":{"th":"สวนหลวง","en":"Suan Luang"},"province_code":"10","province_name":{"th":"กรุงเทพมหานคร","en":"Bangkok"}},"station":{"id":204,"canal_name":{"th":"ค.เคล็ด ถ.สุขุมวิท 77"},"canal_lat":13.7091,"canal_long":100.6307,"canal_oldcode":"WL.KKD.01","bank":0.9,"warning_level":0.5,"critical_level":0.6}}
A95: THAIWATER:106 | B95: WL.PWT.05 | C95: ค.ประเวศฯ-รพ.ลาดกระบัง | D95: ลาดกระบัง | F95: 13.72396 | G95: 100.78399 | H95: 2026-09-28T13:15:00+07:00 | I95: 0.99 | L95: 0.55 | M95: 0.65 | N95: ไม่ทราบ | O95: ไม่ทราบ | R95: 7302.6 | S95: ข้อมูลเก่าเกิน 48 ชม. | T95: FALSE | U95: 2026-10-03T14:57:33+07:00 | V95: https://api-v3.thaiwater.net/api/v1/thaiwater30/public/canal_waterlevel | W95: {"canal_datetime":"2026-09-28 13:15","canal_value":0.99,"canal_out":0,"agency":{"agency_name":{"th":"สำนักการระบายน้ำ กรุงเทพมหานคร","en":"Department of Bangkok","jp":""}},"geocode":{"area_code":"1","area_name":{"th":"กรุงเทพมหานคร","en":"Bangkok"},"amphoe_name":{"th":"ลาดกระบัง","en":"Lat Krabang District"},"tumbon_name":{"th":"ลาดกระบัง","en":"Lat Krabang"},"province_code":"10","province_name":{"th":"กรุงเทพมหานคร","en":"Bangkok"}},"station":{"id":106,"canal_name":{"th":"ค.ประเวศฯ-รพ.ลาดกระบัง"},"canal_lat":13.72396,"canal_long":100.78399,"canal_oldcode":"WL.PWT.05","bank":1.85,"warning_level":0.55,"critical_level":0.65}}
A96: THAIWATER:169 | B96: WL.PSR.05 | C96: ค.พระยาสุเรนทร์ ปัญญาอินทรา | D96: คันนายาว | F96: 13.83698 | G96: 100.68803 | H96: 2026-09-28T13:20:00+07:00 | I96: 1.28 | L96: 0.7 | M96: 0.8 | N96: ไม่ทราบ | O96: ไม่ทราบ | R96: 7297.6 | S96: ข้อมูลเก่าเกิน 48 ชม. | T96: FALSE | U96: 2026-10-03T14:57:33+07:00 | V96: https://api-v3.thaiwater.net/api/v1/thaiwater30/public/canal_waterlevel | W96: {"canal_datetime":"2026-09-28 13:20","canal_value":1.28,"canal_out":0,"agency":{"agency_name":{"th":"สำนักการระบายน้ำ กรุงเทพมหานคร","en":"Department of Bangkok","jp":""}},"geocode":{"area_code":"1","area_name":{"th":"กรุงเทพมหานคร","en":"Bangkok"},"amphoe_name":{"th":"คันนายาว","en":"Khan Na Yao District"},"tumbon_name":{"th":"คันนายาว","en":"Khan Na Yao"},"province_code":"10","province_name":{"th":"กรุงเทพมหานคร","en":"Bangkok"}},"station":{"id":169,"canal_name":{"th":"ค.พระยาสุเรนทร์ ปัญญาอินทรา"},"canal_lat":13.83698,"canal_long":100.68803,"canal_oldcode":"WL.PSR.05","bank":1,"warning_level":0.7,"critical_level":0.8}}
A97: THAIWATER:264 | B97: WL.SCO.01 | C97: ค.ศาลเจ้า ถ.สวนผัก | D97: ตลิ่งชัน | F97: 13.79815 | G97: 100.44488 | H97: 2026-09-28T13:20:00+07:00 | I97: -0.11 | L97: 0.6 | M97: 0.7 | N97: ไม่ทราบ | O97: ไม่ทราบ | R97: 7297.6 | S97: ข้อมูลเก่าเกิน 48 ชม. | T97: FALSE | U97: 2026-10-03T14:57:33+07:00 | V97: https://api-v3.thaiwater.net/api/v1/thaiwater30/public/canal_waterlevel | W97: {"canal_datetime":"2026-09-28 13:20","canal_value":-0.11,"canal_out":0,"agency":{"agency_name":{"th":"สำนักการระบายน้ำ กรุงเทพมหานคร","en":"Department of Bangkok","jp":""}},"geocode":{"area_code":"1","area_name":{"th":"กรุงเทพมหานคร","en":"Bangkok"},"amphoe_name":{"th":"ตลิ่งชัน","en":"Taling Chan District"},"tumbon_name":{"th":"ตลิ่งชัน","en":"Taling Chan"},"province_code":"10","province_name":{"th":"กรุงเทพมหานคร","en":"Bangkok"}},"station":{"id":264,"canal_name":{"th":"ค.ศาลเจ้า ถ.สวนผัก"},"canal_lat":13.79815,"canal_long":100.44488,"canal_oldcode":"WL.SCO.01","bank":1,"warning_level":0.6,"critical_level":0.7}}
A98: THAIWATER:138 | B98: WL.PSC.03 | C98: ค.ราชมนตรี-ภาษีเจริญ | D98: บางแค | F98: 13.70818 | G98: 100.42615 | H98: 2026-09-28T13:20:00+07:00 | I98: 0.45 | L98: 0.6 | M98: 0.7 | N98: ไม่ทราบ | O98: ไม่ทราบ | R98: 7297.6 | S98: ข้อมูลเก่าเกิน 48 ชม. | T98: FALSE | U98: 2026-10-03T14:57:33+07:00 | V98: https://api-v3.thaiwater.net/api/v1/thaiwater30/public/canal_waterlevel | W98: {"canal_datetime":"2026-09-28 13:20","canal_value":0.45,"canal_out":0,"agency":{"agency_name":{"th":"สำนักการระบายน้ำ กรุงเทพมหานคร","en":"Department of Bangkok","jp":""}},"geocode":{"area_code":"1","area_name":{"th":"กรุงเทพมหานคร","en":"Bangkok"},"amphoe_name":{"th":"บางแค","en":"Bang Khae District"},"tumbon_name":{"th":"บางแค","en":"Bang Khae"},"province_code":"10","province_name":{"th":"กรุงเทพมหานคร","en":"Bangkok"}},"station":{"id":138,"canal_name":{"th":"ค.ราชมนตรี-ภาษีเจริญ"},"canal_lat":13.70818,"canal_long":100.42615,"canal_oldcode":"WL.PSC.03","bank":1.87,"warning_level":0.6,"critical_level":0.7}}
... A100: THAIWATER:245 | B100: WL.KSI.01 | C100: ค.สี่ ถ.สุวินทวงศ์ | D100: มีนบุรี | F100: 13.81383 | G100: 100.76524 | H100: 2026-09-28T00:15:00+07:00 | I100: 1.11 | L100: 0.8 | M100: 0.9 | N100: ไม่ทราบ | O100: ไม่ทราบ | R100: 8082.6 | S100: ข้อมูลเก่าเกิน 48 ชม. | T100: FALSE | U100: 2026-10-03T14:57:33+07:00 | V100: https://api-v3.thaiwater.net/api/v1/thaiwater30/public/canal_waterlevel | W100: {"canal_datetime":"2026-09-28 00:15","canal_value":1.11,"canal_out":0,"agency":{"agency_name":{"th":"สำนักการระบายน้ำ กรุงเทพมหานคร","en":"Department of Bangkok","jp":""}},"geocode":{"area_code":"1","area_name":{"th":"กรุงเทพมหานคร","en":"Bangkok"},"amphoe_name":{"th":"มีนบุรี","en":"Min Buri District"},"tumbon_name":{"th":"แสนแสบ","en":"Saen Saep"},"province_code":"10","province_name":{"th":"กรุงเทพมหานคร","en":"Bangkok"}},"station":{"id":245,"canal_name":{"th":"ค.สี่ ถ.สุวินทวงศ์"},"canal_lat":13.81383,"canal_long":100.76524,"canal_oldcode":"WL.KSI.01","bank":2,"warning_level":0.8,"critical_level":0.9}}
A101: THAIWATER:268 | B101: WL.CNS.04 | C101: ค.ช่องนนทรี ถ.สาทรใต้ | D101: สาทร | F101: 13.71979 | G101: 100.53124 | H101: 2021-09-03T10:45:00+07:00 | I101: -0.49 | N101: ไม่ทราบ | O101: ไม่ทราบ | R101: 2672892.6 | S101: ข้อมูลเก่าเกิน 48 ชม. | T101: FALSE | U101: 2026-10-03T14:57:33+07:00 | V101: https://api-v3.thaiwater.net/api/v1/thaiwater30/public/canal_waterlevel | W101: {"canal_datetime":"2021-09-03 10:45","canal_value":-0.49,"canal_out":0,"agency":{"agency_name":{"th":"สำนักการระบายน้ำ กรุงเทพมหานคร","en":"Department of Bangkok","jp":""}},"geocode":{"area_code":"1","area_name":{"th":"กรุงเทพมหานคร","en":"Bangkok"},"amphoe_name":{"th":"สาทร","en":"Sathon District"},"tumbon_name":{"th":"ยานนาวา","en":"Yan Nawa"},"province_code":"10","province_name":{"th":"กรุงเทพมหานคร","en":"Bangkok"}},"station":{"id":268,"canal_name":{"th":"ค.ช่องนนทรี ถ.สาทรใต้"},"canal_lat":13.71979,"canal_long":100.53124,"canal_oldcode":"WL.CNS.04","bank":null,"warning_level":null,"critical_level":null}}
A102: THAIWATER:188 | B102: WL.SPP.01 | C102: บ่อสูบน้ำสะพานพรหม | D102: ราชเทวี | F102: 13.76308 | G102: 100.54288 | H102: 2022-10-07T11:30:00+07:00 | I102: -1.17 | L102: 0.2 | M102: 0.3 | N102: ไม่ทราบ | O102: ไม่ทราบ | R102: 2098287.6 | S102: ข้อมูลเก่าเกิน 48 ชม. | T102: FALSE | U102: 2026-10-03T14:57:33+07:00 | V102: https://api-v3.thaiwater.net/api/v1/thaiwater30/public/canal_waterlevel | W102: {"canal_datetime":"2022-10-07 11:30","canal_value":-1.17,"canal_out":0,"agency":{"agency_name":{"th":"สำนักการระบายน้ำ กรุงเทพมหานคร","en":"Department of Bangkok","jp":""}},"geocode":{"area_code":"1","area_name":{"th":"กรุงเทพมหานคร","en":"Bangkok"},"amphoe_name":{"th":"ราชเทวี","en":"Ratchathewi District"},"tumbon_name":{"th":"ถนนพญาไท","en":"Thanon Phaya Thai"},"province_code":"10","province_name":{"th":"กรุงเทพมหานคร","en":"Bangkok"}},"station":{"id":188,"canal_name":{"th":"บ่อสูบน้ำสะพานพรหม"},"canal_lat":13.76308,"canal_long":100.54288,"canal_oldcode":"WL.SPP.01","bank":0.6,"warning_level":0.2,"critical_level":0.3}}
A103: THAIWATER:122 | B103: WL.SSN.02 | C103: ค.สามเสน ถ.พระราม 5 | D103: ดุสิต | F103: 13.77772 | G103: 100.52121 | H103: 2026-09-28T13:20:00+07:00 | I103: -0.45 | L103: 0.4 | M103: 0.5 | N103: ไม่ทราบ | O103: ไม่ทราบ | R103: 7297.6 | S103: ข้อมูลเก่าเกิน 48 ชม. | T103: FALSE | U103: 2026-10-03T14:57:33+07:00 | V103: https://api-v3.thaiwater.net/api/v1/thaiwater30/public/canal_waterlevel | W103: {"canal_datetime":"2026-09-28 13:20","canal_value":-0.45,"canal_out":0,"agency":{"agency_name":{"th":"สำนักการระบายน้ำ กรุงเทพมหานคร","en":"Department of Bangkok","jp":""}},"geocode":{"area_code":"1","area_name":{"th":"กรุงเทพมหานคร","en":"Bangkok"},"amphoe_name":{"th":"ดุสิต","en":"Dusit District"},"tumbon_name":{"th":"สวนจิตรลดา","en":"Suan Chitlada"},"province_code":"10","province_name":{"th":"กรุงเทพมหานคร","en":"Bangkok"}},"station":{"id":122,"canal_name":{"th":"ค.สามเสน ถ.พระราม 5"},"canal_lat":13.77772,"canal_long":100.52121,"canal_oldcode":"WL.SSN.02","bank":1.94,"warning_level":0.4,"critical_level":0.5}}
A104: THAIWATER:123 | B104: WL.SSN.04 | C104: ค.สามเสน-ถ.พหลฯ | D104: ราชเทวี | F104: 13.76551 | G104: 100.5396 | H104: 2026-09-27T16:00:00+07:00 | I104: -0.25 | L104: 0.2 | M104: 0.3 | N104: ไม่ทราบ | O104: ไม่ทราบ | R104: 8577.6 | S104: ข้อมูลเก่าเกิน 48 ชม. | T104: FALSE | U104: 2026-10-03T14:57:33+07:00 | V104: https://api-v3.thaiwater.net/api/v1/thaiwater30/public/canal_waterlevel | W104: {"canal_datetime":"2026-09-27 16:00","canal_value":-0.25,"canal_out":0,"agency":{"agency_name":{"th":"สำนักการระบายน้ำ กรุงเทพมหานคร","en":"Department of Bangkok","jp":""}},"geocode":{"area_code":"1","area_name":{"th":"กรุงเทพมหานคร","en":"Bangkok"},"amphoe_name":{"th":"ราชเทวี","en":"Ratchathewi District"},"tumbon_name":{"th":"ถนนพญาไท","en":"Thanon Phaya Thai"},"province_code":"10","province_name":{"th":"กรุงเทพมหานคร","en":"Bangkok"}},"station":{"id":123,"canal_name":{"th":"ค.สามเสน-ถ.พหลฯ"},"canal_lat":13.76551,"canal_long":100.5396,"canal_oldcode":"WL.SSN.04","bank":1.9,"warning_level":0.2,"critical_level":0.3}}
A105: THAIWATER:101 | B105: WL.SSM.01 | C105: ปตร.คลองสิบสาม | D105: หนองจอก | F105: 13.85874 | G105: 100.86779 | H105: 2026-09-28T13:20:00+07:00 | I105: 1.39 | L105: 1.6 | M105: 1.7 | N105: ไม่ทราบ | O105: ไม่ทราบ | R105: 7297.6 | S105: ข้อมูลเก่าเกิน 48 ชม. | T105: FALSE | U105: 2026-10-03T14:57:33+07:00 | V105: https://api-v3.thaiwater.net/api/v1/thaiwater30/public/canal_waterlevel | W105: {"canal_datetime":"2026-09-28 13:20","canal_value":1.39,"canal_out":0,"agency":{"agency_name":{"th":"สำนักการระบายน้ำ กรุงเทพมหานคร","en":"Department of Bangkok","jp":""}},"geocode":{"area_code":"1","area_name":{"th":"กรุงเทพมหานคร","en":"Bangkok"},"amphoe_name":{"th":"หนองจอก","en":"Nong Chok District"},"tumbon_name":{"th":"หนองจอก","en":"Nong Chok"},"province_code":"10","province_name":{"th":"กรุงเทพมหานคร","en":"Bangkok"}},"station":{"id":101,"canal_name":{"th":"ปตร.คลองสิบสาม"},"canal_lat":13.85874,"canal_long":100.86779,"canal_oldcode":"WL.SSM.01","bank":1.98,"warning_level":1.6,"critical_level":1.7}}
A106: THAIWATER:149 | B106: WL.BSK.01 | C106: ส.คลองบางไส้ไก่ | D106: ธนบุรี | F106: 13.70682 | G106: 100.49744 | H106: 2026-09-28T13:20:00+07:00 | I106: -0.64 | L106: 2.6 | M106: 2.8 | N106: ไม่ทราบ | O106: ไม่ทราบ | R106: 7297.6 | S106: ข้อมูลเก่าเกิน 48 ชม. | T106: FALSE | U106: 2026-10-03T14:57:33+07:00 | V106: https://api-v3.thaiwater.net/api/v1/thaiwater30/public/canal_waterlevel | W106: {"canal_datetime":"2026-09-28 13:20","canal_value":-0.64,"canal_out":0.71,"agency":{"agency_name":{"th":"สำนักการระบายน้ำ กรุงเทพมหานคร","en":"Department of Bangkok","jp":""}},"geocode":{"area_code":"1","area_name":{"th":"กรุงเทพมหานคร","en":"Bangkok"},"amphoe_name":{"th":"ธนบุรี","en":"Thon Buri District"},"tumbon_name":{"th":"สำเหร่","en":"Samre"},"province_code":"10","province_name":{"th":"กรุงเทพมหานคร","en":"Bangkok"}},"station":{"id":149,"canal_name":{"th":"ส.คลองบางไส้ไก่"},"canal_lat":13.70682,"canal_long":100.49744,"canal_oldcode":"WL.BSK.01","bank":2.8,"warning_level":2.6,"critical_level":2.8}}
A107: THAIWATER:206 | B107: WL.KKD.03 | C107: ค.เคล็ด ถ.ศรีนครินทร์ | D107: บางนา | F107: 13.67123 | G107: 100.6439 | H107: 2026-09-28T00:10:00+07:00 | I107: -0.08 | L107: 0.8 | M107: 1 | N107: ไม่ทราบ | O107: ไม่ทราบ | R107: 8087.6 | S107: ข้อมูลเก่าเกิน 48 ชม. | T107: FALSE | U107: 2026-10-03T14:57:33+07:00 | V107: https://api-v3.thaiwater.net/api/v1/thaiwater30/public/canal_waterlevel | W107: {"canal_datetime":"2026-09-28 00:10","canal_value":-0.08,"canal_out":0,"agency":{"agency_name":{"th":"สำนักการระบายน้ำ กรุงเทพมหานคร","en":"Department of Bangkok","jp":""}},"geocode":{"area_code":"1","area_name":{"th":"กรุงเทพมหานคร","en":"Bangkok"},"amphoe_name":{"th":"บางนา","en":"Bang Na District"},"tumbon_name":{"th":"บางนา","en":"Bang Na"},"province_code":"10","province_name":{"th":"กรุงเทพมหานคร","en":"Bangkok"}},"station":{"id":206,"canal_name":{"th":"ค.เคล็ด ถ.ศรีนครินทร์ "},"canal_lat":13.67123,"canal_long":100.6439,"canal_oldcode":"WL.KKD.03","bank":1,"warning_level":0.8,"critical_level":1}}
...

Sheet thai_water_DB
A1: station_id | B1: station_code | C1: station_name | D1: district_or_area | E1: canal | F1: latitude | G1: longitude | H1: observed_at_th | I1: water_in_m_msl | J1: water_out01_m_msl | K1: water_out02_m_msl | L1: warning_in_source | M1: critical_in_source | N1: flood_status_source | O1: sensor_status_source | P1: flood_status_code | Q1: sensor_status_code | R1: age_minutes_at_fetch | S1: freshness_at_fetch | T1: has_minus99_source | U1: fetched_at_th | V1: source_url | W1: raw_station_json
A2: THAIWATER_WL:737 | B2: THA006 | C2: วัดท่าเจดีย์ (TTC06) | D2: สุพรรณบุรี | E2: แม่น้ำท่าจีน | F2: 14.15657 | G2: 100.12744 | H2: 2026-10-03T15:10:00+07:00 | I2: 3.57 | N2: ล้นตลิ่ง | O2: ปกติ | P2: 5 | R2: 12.4 | S2: ภายใน 48 ชม. | T2: FALSE | U2: 2026-10-03T15:22:23+07:00 | V2: https://api-v3.thaiwater.net/api/v1/thaiwater30/public/waterlevel_load | W2: {"id":1317594652,"waterlevel_datetime":"2026-10-03 15:10","waterlevel_m":null,"waterlevel_msl":"3.57","waterlevel_msl_previous":"3.58","flow_rate":null,"discharge":null,"storage_percent":"134.09","sort_order":null,"station_type":"tele_waterlevel","situation_level":5,"agency":{"id":9,"agency_name":{"th":"สถาบันสารสนเทศทรัพยากรน้ำ (องค์การมหาชน)","en":"Hydro – Informatics Institute (Public Organization)","jp":""},"agency_shortname":{"th":"สสน.","en":"HII","jp":""}},"basin":{"id":14,"basin_code":13,"basin_name":{"th":"ลุ่มน้ำท่าจีน","en":"Tha Chin Basin"}},"station":{"id":737,"tele_station_name":{"en":"Tha Chedi Temple (TTC06)","th":"วัดท่าเจดีย์ (TTC06)"},"tele_station_lat":14.15657,"tele_station_long":100.12744,"tele_station_oldcode":"THA006","tele_station_type":"tele_waterlevel","left_bank":4.39,"right_bank":2.139,"min_bank":2.14,"ground_level":-2.065,"offset":null,"sub_basin_id":259,"agency_id":9,"geocode_id":6772,"hydro_id":null,"qmax":null,"is_key_station":false,"warning_level_m":null,"critical_level_m":null,"critical_level_msl":null},"geocode":{"area_code":"2","area_name":{"th":"ภาคกลาง","en":"Central"},"amphoe_code":"07","amphoe_name":{"th":"สองพี่น้อง","en":"Song Phi Nong District"},"tumbon_code":"03","tumbon_name":{"th":"บางตาเถร","en":"Bang Ta Then"},"province_code":"72","province_name":{"th":"สุพรรณบุรี","en":"Suphan Buri"}},"diff_wl_bank":"1.43","diff_wl_bank_text":"ล้นตลิ่ง (ม.)","river_gid":184492,"river_name":"แม่น้ำท่าจีน"}
A3: THAIWATER_WL:1095849 | B3: C.67 | C3: สะพานหัวเวียง | D3: พระนครศรีอยุธยา | F3: 14.36851 | G3: 100.41439 | H3: 2026-10-03T14:00:00+07:00 | I3: 5.43 | N3: ล้นตลิ่ง | O3: ปกติ | P3: 5 | R3: 82.4 | S3: ภายใน 48 ชม. | T3: FALSE | U3: 2026-10-03T15:22:23+07:00 | V3: https://api-v3.thaiwater.net/api/v1/thaiwater30/public/waterlevel_load | W3: {"id":1317572094,"waterlevel_datetime":"2026-10-03 14:00","waterlevel_m":null,"waterlevel_msl":"5.43","waterlevel_msl_previous":"5.44","flow_rate":null,"discharge":null,"storage_percent":"128.72","sort_order":null,"station_type":"tele_waterlevel","situation_level":5,"agency":{"id":12,"agency_name":{"th":"กรมชลประทาน ","en":"Royal Irrigation Department","jp":""},"agency_shortname":{"th":"ชป.","en":"RID","jp":""}},"basin":{"id":10,"basin_code":10,"basin_name":{"th":"ลุ่มน้ำเจ้าพระยา","en":"Chao Phraya Basin"}},"station":{"id":1095849,"tele_station_name":{"th":"สะพานหัวเวียง"},"tele_station_lat":14.36851,"tele_station_long":100.414391,"tele_station_oldcode":"C.67","tele_station_type":"tele_waterlevel","left_bank":6.576,"right_bank":6.698,"min_bank":2.75,"ground_level":-6.58,"offset":null,"sub_basin_id":240,"agency_id":12,"geocode_id":570,"hydro_id":5,"qmax":null,"is_key_station":false,"warning_level_m":null,"critical_level_m":null,"critical_level_msl":null},"geocode":{"area_code":"2","area_name":{"th":"ภาคกลาง","en":"Central"},"amphoe_code":"12","amphoe_name":{"th":"เสนา","en":"Sena District"},"tumbon_code":"06","tumbon_name":{"th":"หัวเวียง","en":"Hua Wiang"},"province_code":"14","province_name":{"th":"พระนครศรีอยุธยา","en":"Phra Nakhon Si Ayutthaya"}},"diff_wl_bank":"2.68","diff_wl_bank_text":"ล้นตลิ่ง (ม.)"}
A4: THAIWATER_WL:48 | B4: CPY009 | C4: คลองบางหลวง | D4: พระนครศรีอยุธยา | E4: แม่น้ำน้อย | F4: 14.4158 | G4: 100.44071 | H4: 2026-10-03T15:10:00+07:00 | I4: 6.66 | N4: ล้นตลิ่ง | O4: ปกติ | P4: 5 | R4: 12.4 | S4: ภายใน 48 ชม. | T4: FALSE | U4: 2026-10-03T15:22:23+07:00 | V4: https://api-v3.thaiwater.net/api/v1/thaiwater30/public/waterlevel_load | W4: {"id":1317594284,"waterlevel_datetime":"2026-10-03 15:10","waterlevel_m":null,"waterlevel_msl":"6.66","waterlevel_msl_previous":"6.66","flow_rate":null,"discharge":null,"storage_percent":"126.92","sort_order":null,"station_type":"tele_waterlevel","situation_level":5,"agency":{"id":9,"agency_name":{"th":"สถาบันสารสนเทศทรัพยากรน้ำ (องค์การมหาชน)","en":"Hydro – Informatics Institute (Public Organization)","jp":""},"agency_shortname":{"th":"สสน.","en":"HII","jp":""}},"basin":{"id":10,"basin_code":10,"basin_name":{"th":"ลุ่มน้ำเจ้าพระยา","en":"Chao Phraya Basin"}},"station":{"id":48,"tele_station_name":{"en":"Chao Phraya 9","th":"คลองบางหลวง"},"tele_station_lat":14.4158,"tele_station_long":100.44071,"tele_station_oldcode":"CPY009","tele_station_type":"tele_waterlevel","left_bank":6.153,"right_bank":4.311,"min_bank":4.31,"ground_level":-4.397,"offset":null,"sub_basin_id":240,"agency_id":9,"geocode_id":478,"hydro_id":null,"qmax":null,"is_key_station":false,"warning_level_m":null,"critical_level_m":null,"critical_level_msl":null},"geocode":{"area_code":"2","area_name":{"th":"ภาคกลาง","en":"Central"},"amphoe_code":"05","amphoe_name":{"th":"บางบาล","en":"Bang Ban District"},"tumbon_code":"13","tumbon_name":{"th":"บางหลวงโดด","en":"Bang Luang Dot"},"province_code":"14","province_name":{"th":"พระนครศรีอยุธยา","en":"Phra Nakhon Si Ayutthaya"}},"diff_wl_bank":"2.34","diff_wl_bank_text":"ล้นตลิ่ง (ม.)","river_gid":182183,"river_name":"แม่น้ำน้อย"}
A5: THAIWATER_WL:1098950 | B5: Kgt.12A | C5: บ้านแก้ง | D5: สระแก้ว | E5: คลองพระปรง | F5: 13.93635 | G5: 101.97232 | H5: 2026-10-03T14:00:00+07:00 | I5: 23.26 | N5: ล้นตลิ่ง | O5: ปกติ | P5: 5 | R5: 82.4 | S5: ภายใน 48 ชม. | T5: FALSE | U5: 2026-10-03T15:22:23+07:00 | V5: https://api-v3.thaiwater.net/api/v1/thaiwater30/public/waterlevel_load | W5: {"id":1317582835,"waterlevel_datetime":"2026-10-03 14:00","waterlevel_m":null,"waterlevel_msl":"23.26","waterlevel_msl_previous":"23.29","flow_rate":null,"discharge":"174.80","storage_percent":"126.62","sort_order":null,"station_type":"tele_waterlevel","situation_level":5,"agency":{"id":12,"agency_name":{"th":"กรมชลประทาน ","en":"Royal Irrigation Department","jp":""},"agency_shortname":{"th":"ชป.","en":"RID","jp":""}},"basin":{"id":16,"basin_code":15,"basin_name":{"th":"ลุ่มน้ำบางปะกง","en":"Bang Pakong Basin"}},"station":{"id":1098950,"tele_station_name":{"th":"บ้านแก้ง"},"tele_station_lat":13.93635,"tele_station_long":101.972321,"tele_station_oldcode":"Kgt.12A","tele_station_type":"tele_waterlevel","left_bank":35.701,"right_bank":35.847,"min_bank":21,"ground_level":12.509,"offset":12.43,"sub_basin_id":278,"agency_id":12,"geocode_id":1605,"hydro_id":6,"qmax":116,"is_key_station":true,"warning_level_m":null,"critical_level_m":null,"critical_level_msl":null},"geocode":{"area_code":"2","area_name":{"th":"ภาคกลาง","en":"Central"},"amphoe_code":"01","amphoe_name":{"th":"เมืองสระแก้ว","en":"Mueang Sa Kaeo District"},"tumbon_code":"02","tumbon_name":{"th":"บ้านแก้ง","en":"Ban Kaeng"},"province_code":"27","province_name":{"th":"สระแก้ว","en":"Sa Kaeo"}},"diff_wl_bank":"2.26","diff_wl_bank_text":"ล้นตลิ่ง (ม.)","river_gid":195444,"river_name":"คลองพระปรง"}
A6: THAIWATER_WL:2680 | B6: Kgt.3 | C6: สะพานต้นน้ำบางปะกง | D6: ปราจีนบุรี | E6: แม่น้ำบางปะกง | F6: 13.98666 | G6: 101.70541 | H6: 2026-10-03T14:00:00+07:00 | I6: 11.23 | M6: 10 | N6: ล้นตลิ่ง | O6: ปกติ | P6: 5 | R6: 82.4 | S6: ภายใน 48 ชม. | T6: FALSE | U6: 2026-10-03T15:22:23+07:00 | V6: https://api-v3.thaiwater.net/api/v1/thaiwater30/public/waterlevel_load | W6: {"id":1317582822,"waterlevel_datetime":"2026-10-03 14:00","waterlevel_m":null,"waterlevel_msl":"11.23","waterlevel_msl_previous":null,"flow_rate":null,"discharge":"831.60","storage_percent":"124.65","sort_order":null,"station_type":"tele_waterlevel","situation_level":5,"agency":{"id":12,"agency_name":{"th":"กรมชลประทาน ","en":"Royal Irrigation Department","jp":""},"agency_shortname":{"th":"ชป.","en":"RID","jp":""}},"basin":{"id":16,"basin_code":15,"basin_name":{"th":"ลุ่มน้ำบางปะกง","en":"Bang Pakong Basin"}},"station":{"id":2680,"tele_station_name":{"th":"สะพานต้นน้ำบางปะกง"},"tele_station_lat":13.98666,"tele_station_long":101.705406,"tele_station_oldcode":"Kgt.3","tele_station_type":"tele_waterlevel","left_bank":10.29,"right_bank":9.66,"min_bank":8.79,"ground_level":-1.11,"offset":0,"sub_basin_id":281,"agency_id":12,"geocode_id":1499,"hydro_id":6,"qmax":543.900024,"is_key_station":true,"warning_level_m":null,"critical_level_m":10,"critical_level_msl":10},"geocode":{"area_code":"2","area_name":{"th":"ภาคกลาง","en":"Central"},"amphoe_code":"02","amphoe_name":{"th":"กบินทร์บุรี","en":"Kabin Buri District"},"tumbon_code":"01","tumbon_name":{"th":"กบินทร์","en":"Kabin"},"province_code":"25","province_name":{"th":"ปราจีนบุรี","en":"Prachin Buri"}},"diff_wl_bank":"2.44","diff_wl_bank_text":"ล้นตลิ่ง (ม.)","river_gid":195042,"river_name":"แม่น้ำบางปะกง"}
A7: THAIWATER_WL:2611 | B7: C.36 | C7: บ้านบางหลวงโดด | D7: พระนครศรีอยุธยา | E7: แม่น้ำน้อย | F7: 14.41588 | G7: 100.4408 | H7: 2026-10-03T14:00:00+07:00 | I7: 6.7 | N7: ล้นตลิ่ง | O7: ปกติ | P7: 5 | R7: 82.4 | S7: ภายใน 48 ชม. | T7: FALSE | U7: 2026-10-03T15:22:23+07:00 | V7: https://api-v3.thaiwater.net/api/v1/thaiwater30/public/waterlevel_load | W7: {"id":1317572078,"waterlevel_datetime":"2026-10-03 14:00","waterlevel_m":null,"waterlevel_msl":"6.70","waterlevel_msl_previous":"6.70","flow_rate":null,"discharge":"929.00","storage_percent":"123.41","sort_order":null,"station_type":"tele_waterlevel","situation_level":5,"agency":{"id":12,"agency_name":{"th":"กรมชลประทาน ","en":"Royal Irrigation Department","jp":""},"agency_shortname":{"th":"ชป.","en":"RID","jp":""}},"basin":{"id":10,"basin_code":10,"basin_name":{"th":"ลุ่มน้ำเจ้าพระยา","en":"Chao Phraya Basin"}},"station":{"id":2611,"tele_station_name":{"th":"บ้านบางหลวงโดด"},"tele_station_lat":14.41588,"tele_station_long":100.440804,"tele_station_oldcode":"C.36","tele_station_type":"tele_waterlevel","left_bank":7.434,"right_bank":7.787,"min_bank":4.3,"ground_level":-5.95,"offset":null,"sub_basin_id":240,"agency_id":12,"geocode_id":478,"hydro_id":5,"qmax":441,"is_key_station":true,"warning_level_m":null,"critical_level_m":null,"critical_level_msl":null},"geocode":{"area_code":"2","area_name":{"th":"ภาคกลาง","en":"Central"},"amphoe_code":"05","amphoe_name":{"th":"บางบาล","en":"Bang Ban District"},"tumbon_code":"13","tumbon_name":{"th":"บางหลวงโดด","en":"Bang Luang Dot"},"province_code":"14","province_name":{"th":"พระนครศรีอยุธยา","en":"Phra Nakhon Si Ayutthaya"}},"diff_wl_bank":"2.40","diff_wl_bank_text":"ล้นตลิ่ง (ม.)","river_gid":182183,"river_name":"แม่น้ำน้อย"}
A8: THAIWATER_WL:47 | B8: CPY010 | C8: คลองบางบาล | D8: พระนครศรีอยุธยา | E8: คลองบางบาล | F8: 14.42303 | G8: 100.48186 | H8: 2026-10-03T15:10:00+07:00 | I8: 7.43 | N8: ล้นตลิ่ง | O8: ปกติ | P8: 5 | R8: 12.4 | S8: ภายใน 48 ชม. | T8: FALSE | U8: 2026-10-03T15:22:23+07:00 | V8: https://api-v3.thaiwater.net/api/v1/thaiwater30/public/waterlevel_load | W8: {"id":1317594285,"waterlevel_datetime":"2026-10-03 15:10","waterlevel_m":null,"waterlevel_msl":"7.43","waterlevel_msl_previous":"7.42","flow_rate":null,"discharge":null,"storage_percent":"122.65","sort_order":null,"station_type":"tele_waterlevel","situation_level":5,"agency":{"id":9,"agency_name":{"th":"สถาบันสารสนเทศทรัพยากรน้ำ (องค์การมหาชน)","en":"Hydro – Informatics Institute (Public Organization)","jp":""},"agency_shortname":{"th":"สสน.","en":"HII","jp":""}},"basin":{"id":10,"basin_code":10,"basin_name":{"th":"ลุ่มน้ำเจ้าพระยา","en":"Chao Phraya Basin"}},"station":{"id":47,"tele_station_name":{"en":"Chao Phraya 10","th":"คลองบางบาล"},"tele_station_lat":14.42303,"tele_station_long":100.48186,"tele_station_oldcode":"CPY010","tele_station_type":"tele_waterlevel","left_bank":5.841,"right_bank":8.432,"min_bank":5.84,"ground_level":-1.178,"offset":null,"sub_basin_id":240,"agency_id":9,"geocode_id":468,"hydro_id":null,"qmax":null,"is_key_station":false,"warning_level_m":null,"critical_level_m":null,"critical_level_msl":null},"geocode":{"area_code":"2","area_name":{"th":"ภาคกลาง","en":"Central"},"amphoe_code":"05","amphoe_name":{"th":"บางบาล","en":"Bang Ban District"},"tumbon_code":"03","tumbon_name":{"th":"ไทรน้อย","en":"Sai Noi"},"province_code":"14","province_name":{"th":"พระนครศรีอยุธยา","en":"Phra Nakhon Si Ayutthaya"}},"diff_wl_bank":"1.59","diff_wl_bank_text":"ล้นตลิ่ง (ม.)","river_gid":182220,"river_name":"คลองบางบาล"}
A9: THAIWATER_WL:736 | B9: THA010 | C9: สองพี่น้อง | D9: สุพรรณบุรี | E9: คลองสองพี่น้อง | F9: 14.21608 | G9: 100.05017 | H9: 2026-10-03T15:10:00+07:00 | I9: 3.3 | N9: ล้นตลิ่ง | O9: ปกติ | P9: 5 | R9: 12.4 | S9: ภายใน 48 ชม. | T9: FALSE | U9: 2026-10-03T15:22:23+07:00 | V9: https://api-v3.thaiwater.net/api/v1/thaiwater30/public/waterlevel_load | W9: {"id":1317594656,"waterlevel_datetime":"2026-10-03 15:10","waterlevel_m":null,"waterlevel_msl":"3.30","waterlevel_msl_previous":"3.30","flow_rate":null,"discharge":null,"storage_percent":"121.78","sort_order":null,"station_type":"tele_waterlevel","situation_level":5,"agency":{"id":9,"agency_name":{"th":"สถาบันสารสนเทศทรัพยากรน้ำ (องค์การมหาชน)","en":"Hydro – Informatics Institute (Public Organization)","jp":""},"agency_shortname":{"th":"สสน.","en":"HII","jp":""}},"basin":{"id":14,"basin_code":13,"basin_name":{"th":"ลุ่มน้ำท่าจีน","en":"Tha Chin Basin"}},"station":{"id":736,"tele_station_name":{"en":"Song Phi Nong","th":"สองพี่น้อง"},"tele_station_lat":14.21608,"tele_station_long":100.05017,"tele_station_oldcode":"THA010","tele_station_type":"tele_waterlevel","left_bank":2.439,"right_bank":5.407,"min_bank":2.44,"ground_level":-1.518,"offset":null,"sub_basin_id":259,"agency_id":9,"geocode_id":6770,"hydro_id":null,"qmax":null,"is_key_station":false,"warning_level_m":null,"critical_level_m":null,"critical_level_msl":null},"geocode":{"area_code":"2","area_name":{"th":"ภาคกลาง","en":"Central"},"amphoe_code":"07","amphoe_name":{"th":"สองพี่น้อง","en":"Song Phi Nong District"},"tumbon_code":"01","tumbon_name":{"th":"สองพี่น้อง","en":"Song Phi Nong"},"province_code":"72","province_name":{"th":"สุพรรณบุรี","en":"Suphan Buri"}},"diff_wl_bank":"0.86","diff_wl_bank_text":"ล้นตลิ่ง (ม.)","river_gid":183831,"river_name":"คลองสองพี่น้อง"}
A10: THAIWATER_WL:2688 | B10: K.32A | C10: บ้านบ้องตี้น้อย | D10: กาญจนบุรี | E10: ห้วยบ้องตี้ | F10: 14.27618 | G10: 98.931068 | H10: 2026-09-27T10:00:00+07:00 | I10: 91.42 | N10: ล้นตลิ่ง | O10: ปกติ | P10: 5 | R10: 8962.4 | S10: ข้อมูลเก่าเกิน 48 ชม. | T10: FALSE | U10: 2026-10-03T15:22:23+07:00 | V10: https://api-v3.thaiwater.net/api/v1/thaiwater30/public/waterlevel_load | W10: {"id":1313742779,"waterlevel_datetime":"2026-09-27 10:00","waterlevel_m":null,"waterlevel_msl":"91.42","waterlevel_msl_previous":"91.00","flow_rate":null,"discharge":null,"storage_percent":"120.72","sort_order":null,"station_type":"tele_waterlevel","situation_level":5,"agency":{"id":12,"agency_name":{"th":"กรมชลประทาน ","en":"Royal Irrigation Department","jp":""},"agency_shortname":{"th":"ชป.","en":"RID","jp":""}},"basin":{"id":15,"basin_code":14,"basin_name":{"th":"ลุ่มน้ำแม่กลอง","en":"Mae Klong Basin"}},"station":{"id":2688,"tele_station_name":{"th":"บ้านบ้องตี้น้อย"},"tele_station_lat":14.27618,"tele_station_long":98.931068,"tele_station_oldcode":"K.32A","tele_station_type":"tele_waterlevel","left_bank":173.801997,"right_bank":174.462997,"min_bank":90.2,"ground_level":84.311,"offset":84.199997,"sub_basin_id":273,"agency_id":12,"geocode_id":6601,"hydro_id":7,"qmax":350,"is_key_station":false,"warning_level_m":null,"critical_level_m":null,"critical_level_msl":null},"geocode":{"area_code":"2","area_name":{"th":"ภาคกลาง","en":"Central"},"amphoe_code":"02","amphoe_name":{"th":"ไทรโยค","en":"Sai Yok District"},"tumbon_code":"05","tumbon_name":{"th":"วังกระแจะ","en":"Wang Krachae"},"province_code":"71","province_name":{"th":"กาญจนบุรี","en":"Kanchanaburi"}},"diff_wl_bank":"1.22","diff_wl_bank_text":"ล้นตลิ่ง (ม.)","river_gid":183200,"river_name":"ห้วยบ้องตี้"}
A11: THAIWATER_WL:505018 | B11: K.58 | C11: บ้านปากแซง | D11: กาญจนบุรี | E11: แม่น้ำแควน้อย | F11: 14.21513 | G11: 99.058197 | H11: 2026-10-03T14:00:00+07:00 | I11: 47.54 | N11: ล้นตลิ่ง | O11: ปกติ | P11: 5 | R11: 82.4 | S11: ภายใน 48 ชม. | T11: FALSE | U11: 2026-10-03T15:22:23+07:00 | V11: https://api-v3.thaiwater.net/api/v1/thaiwater30/public/waterlevel_load | W11: {"id":1317575400,"waterlevel_datetime":"2026-10-03 14:00","waterlevel_m":null,"waterlevel_msl":"47.54","waterlevel_msl_previous":"47.56","flow_rate":null,"discharge":"862.47","storage_percent":"119.04","sort_order":null,"station_type":"tele_waterlevel","situation_level":5,"agency":{"id":12,"agency_name":{"th":"กรมชลประทาน ","en":"Royal Irrigation Department","jp":""},"agency_shortname":{"th":"ชป.","en":"RID","jp":""}},"basin":{"id":15,"basin_code":14,"basin_name":{"th":"ลุ่มน้ำแม่กลอง","en":"Mae Klong Basin"}},"station":{"id":505018,"tele_station_name":{"th":"บ้านปากแซง"},"tele_station_lat":14.21513,"tele_station_long":99.058197,"tele_station_oldcode":"K.58","tele_station_type":"tele_waterlevel","left_bank":97.251,"right_bank":96.106,"min_bank":45.8,"ground_level":36.66,"offset":39.5,"sub_basin_id":273,"agency_id":12,"geocode_id":6598,"hydro_id":7,"qmax":630,"is_key_station":true,"warning_level_m":null,"critical_level_m":null,"critical_level_msl":null},"geocode":{"area_code":"2","area_name":{"th":"ภาคกลาง","en":"Central"},"amphoe_code":"02","amphoe_name":{"th":"ไทรโยค","en":"Sai Yok District"},"tumbon_code":"02","tumbon_name":{"th":"ท่าเสา","en":"Tha Sao"},"province_code":"71","province_name":{"th":"กาญจนบุรี","en":"Kanchanaburi"}},"diff_wl_bank":"1.74","diff_wl_bank_text":"ล้นตลิ่ง (ม.)","river_gid":183975,"river_name":"แม่น้ำแควน้อย"}
A12: THAIWATER_WL:160 | B12: PRC002 | C12: เมืองปราจีนบุรี | D12: ปราจีนบุรี | E12: แม่น้ำบางปะกง | F12: 14.053554 | G12: 101.38684 | H12: 2026-09-30T15:40:00+07:00 | I12: 5.65 | N12: ล้นตลิ่ง | O12: ปกติ | P12: 5 | R12: 4302.4 | S12: ข้อมูลเก่าเกิน 48 ชม. | T12: FALSE | U12: 2026-10-03T15:22:23+07:00 | V12: https://api-v3.thaiwater.net/api/v1/thaiwater30/public/waterlevel_load | W12: {"id":1315745881,"waterlevel_datetime":"2026-09-30 15:40","waterlevel_m":null,"waterlevel_msl":"5.65","waterlevel_msl_previous":"5.65","flow_rate":null,"discharge":null,"storage_percent":"118.03","sort_order":null,"station_type":"tele_waterlevel","situation_level":5,"agency":{"id":9,"agency_name":{"th":"สถาบันสารสนเทศทรัพยากรน้ำ (องค์การมหาชน)","en":"Hydro – Informatics Institute (Public Organization)","jp":""},"agency_shortname":{"th":"สสน.","en":"HII","jp":""}},"basin":{"id":16,"basin_code":15,"basin_name":{"th":"ลุ่มน้ำบางปะกง","en":"Bang Pakong Basin"}},"station":{"id":160,"tele_station_name":{"en":"Prachinburi 2","th":"เมืองปราจีนบุรี"},"tele_station_lat":14.053554,"tele_station_long":101.38684,"tele_station_oldcode":"PRC002","tele_station_type":"tele_waterlevel","left_bank":5.339,"right_bank":4.044,"min_bank":4.04,"ground_level":-4.865,"offset":null,"sub_basin_id":281,"agency_id":9,"geocode_id":1485,"hydro_id":null,"qmax":null,"is_key_station":false,"warning_level_m":null,"critical_level_m":null,"critical_level_msl":null},"geocode":{"area_code":"2","area_name":{"th":"ภาคกลาง","en":"Central"},"amphoe_code":"01","amphoe_name":{"th":"เมืองปราจีนบุรี","en":"Mueang Prachin Buri District"},"tumbon_code":"01","tumbon_name":{"th":"หน้าเมือง","en":"Na Mueang"},"province_code":"25","province_name":{"th":"ปราจีนบุรี","en":"Prachin Buri"}},"diff_wl_bank":"1.61","diff_wl_bank_text":"ล้นตลิ่ง (ม.)","river_gid":194664,"river_name":"แม่น้ำบางปะกง"}
A13: THAIWATER_WL:156 | B13: BPK004 | C13: พนมสารคาม | D13: ฉะเชิงเทรา | E13: คลองท่าลาด | F13: 13.72662 | G13: 101.35298 | H13: 2026-10-03T15:10:00+07:00 | I13: 6.48 | N13: ล้นตลิ่ง | O13: ปกติ | P13: 5 | R13: 12.4 | S13: ภายใน 48 ชม. | T13: FALSE | U13: 2026-10-03T15:22:23+07:00 | V13: https://api-v3.thaiwater.net/api/v1/thaiwater30/public/waterlevel_load | W13: {"id":1317594245,"waterlevel_datetime":"2026-10-03 15:10","waterlevel_m":null,"waterlevel_msl":"6.48","waterlevel_msl_previous":"6.48","flow_rate":null,"discharge":null,"storage_percent":"115.42","sort_order":null,"station_type":"tele_waterlevel","situation_level":5,"agency":{"id":9,"agency_name":{"th":"สถาบันสารสนเทศทรัพยากรน้ำ (องค์การมหาชน)","en":"Hydro – Informatics Institute (Public Organization)","jp":""},"agency_shortname":{"th":"สสน.","en":"HII","jp":""}},"basin":{"id":16,"basin_code":15,"basin_name":{"th":"ลุ่มน้ำบางปะกง","en":"Bang Pakong Basin"}},"station":{"id":156,"tele_station_name":{"en":"Phanom Sarakham","th":"พนมสารคาม"},"tele_station_lat":13.72662,"tele_station_long":101.35298,"tele_station_oldcode":"BPK004","tele_station_type":"tele_waterlevel","left_bank":7.575,"right_bank":5.395,"min_bank":5.4,"ground_level":-1.66,"offset":null,"sub_basin_id":284,"agency_id":9,"geocode_id":1452,"hydro_id":null,"qmax":null,"is_key_station":false,"warning_level_m":null,"critical_level_m":null,"critical_level_msl":null},"geocode":{"area_code":"2","area_name":{"th":"ภาคกลาง","en":"Central"},"amphoe_code":"06","amphoe_name":{"th":"พนมสารคาม","en":"Phanom Sarakham District"},"tumbon_code":"01","tumbon_name":{"th":"เกาะขนุน","en":"Ko Khanun"},"province_code":"24","province_name":{"th":"ฉะเชิงเทรา","en":"Chachoengsao"}},"diff_wl_bank":"1.09","diff_wl_bank_text":"ล้นตลิ่ง (ม.)","river_gid":196933,"river_name":"คลองท่าลาด"}
A14: THAIWATER_WL:505039 | B14: T.13 | C14: บ้านบางการ้อง | D14: สุพรรณบุรี | E14: แม่น้ำท่าจีน | F14: 14.157 | G14: 100.12791 | H14: 2026-10-03T14:00:00+07:00 | I14: 3.38 | N14: ล้นตลิ่ง | O14: ปกติ | P14: 5 | R14: 82.4 | S14: ภายใน 48 ชม. | T14: FALSE | U14: 2026-10-03T15:22:23+07:00 | V14: https://api-v3.thaiwater.net/api/v1/thaiwater30/public/waterlevel_load | W14: {"id":1317575409,"waterlevel_datetime":"2026-10-03 14:00","waterlevel_m":null,"waterlevel_msl":"3.38","waterlevel_msl_previous":"3.38","flow_rate":null,"discharge":null,"storage_percent":"113.86","sort_order":null,"station_type":"tele_waterlevel","situation_level":5,"agency":{"id":12,"agency_name":{"th":"กรมชลประทาน ","en":"Royal Irrigation Department","jp":""},"agency_shortname":{"th":"ชป.","en":"RID","jp":""}},"basin":{"id":14,"basin_code":13,"basin_name":{"th":"ลุ่มน้ำท่าจีน","en":"Tha Chin Basin"}},"station":{"id":505039,"tele_station_name":{"th":"บ้านบางการ้อง"},"tele_station_lat":14.157,"tele_station_long":100.127907,"tele_station_oldcode":"T.13","tele_station_type":"tele_waterlevel","left_bank":0.10400000000000009,"right_bank":0.13400000000000034,"min_bank":2.4,"ground_level":-4.67,"offset":-4,"sub_basin_id":259,"agency_id":12,"geocode_id":6772,"hydro_id":7,"qmax":null,"is_key_station":true,"warning_level_m":null,"critical_level_m":null,"critical_level_msl":null},"geocode":{"area_code":"2","area_name":{"th":"ภาคกลาง","en":"Central"},"amphoe_code":"07","amphoe_name":{"th":"สองพี่น้อง","en":"Song Phi Nong District"},"tumbon_code":"03","tumbon_name":{"th":"บางตาเถร","en":"Bang Ta Then"},"province_code":"72","province_name":{"th":"สุพรรณบุรี","en":"Suphan Buri"}},"diff_wl_bank":"0.98","diff_wl_bank_text":"ล้นตลิ่ง (ม.)","river_gid":184341,"river_name":"แม่น้ำท่าจีน"}
A15: THAIWATER_WL:131 | B15: CHN005 | C15: นายายอาม | D15: จันทบุรี | E15: คลองวังโตนด | F15: 12.722433 | G15: 101.95606 | H15: 2026-10-03T15:10:00+07:00 | I15: 5.06 | N15: ล้นตลิ่ง | O15: ปกติ | P15: 5 | R15: 12.4 | S15: ภายใน 48 ชม. | T15: FALSE | U15: 2026-10-03T15:22:23+07:00 | V15: https://api-v3.thaiwater.net/api/v1/thaiwater30/public/waterlevel_load | W15: {"id":1317594269,"waterlevel_datetime":"2026-10-03 15:10","waterlevel_m":null,"waterlevel_msl":"5.06","waterlevel_msl_previous":"5.07","flow_rate":null,"discharge":null,"storage_percent":"111.68","sort_order":null,"station_type":"tele_waterlevel","situation_level":5,"agency":{"id":9,"agency_name":{"th":"สถาบันสารสนเทศทรัพยากรน้ำ (องค์การมหาชน)","en":"Hydro – Informatics Institute (Public Organization)","jp":""},"agency_shortname":{"th":"สสน.","en":"HII","jp":""}},"basin":{"id":18,"basin_code":17,"basin_name":{"th":"ลุ่มน้ำชายฝั่งทะเลตะวันออก","en":"East Coast Gulf Basin"}},"station":{"id":131,"tele_station_name":{"en":"Na Yai Am","th":"นายายอาม"},"tele_station_lat":12.722433,"tele_station_long":101.95606,"tele_station_oldcode":"CHN005","tele_station_type":"tele_waterlevel","left_bank":7.2559,"right_bank":4.2759,"min_bank":4.28,"ground_level":-2.44,"offset":null,"sub_basin_id":295,"agency_id":9,"geocode_id":1325,"hydro_id":null,"qmax":null,"is_key_station":false,"warning_level_m":null,"critical_level_m":null,"critical_level_msl":null},"geocode":{"area_code":"2","area_name":{"th":"ภาคกลาง","en":"Central"},"amphoe_code":"09","amphoe_name":{"th":"นายายอาม","en":"Na Yai Am District"},"tumbon_code":"06","tumbon_name":{"th":"วังใหม่","en":"Wang Mai"},"province_code":"22","province_name":{"th":"จันทบุรี","en":"Chanthaburi"}},"diff_wl_bank":"0.78","diff_wl_bank_text":"ล้นตลิ่ง (ม.)","river_gid":204477,"river_name":"คลองวังโตนด"}
A16: THAIWATER_WL:575566 | B16: BKC002 | C16: ปตร.วัดบางกระเจ้านอก | D16: สมุทรปราการ | E16: คลองบางกะเจ้า | F16: 13.689612 | G16: 100.55489 | H16: 2026-10-03T15:10:00+07:00 | I16: 1.54 | N16: ล้นตลิ่ง | O16: ปกติ | P16: 5 | R16: 12.4 | S16: ภายใน 48 ชม. | T16: FALSE | U16: 2026-10-03T15:22:23+07:00 | V16: https://api-v3.thaiwater.net/api/v1/thaiwater30/public/waterlevel_load | W16: {"id":1317594226,"waterlevel_datetime":"2026-10-03 15:10","waterlevel_m":null,"waterlevel_msl":"1.54","waterlevel_msl_previous":"1.55","flow_rate":null,"discharge":null,"storage_percent":"110.49","sort_order":null,"station_type":"tele_waterlevel","situation_level":5,"agency":{"id":9,"agency_name":{"th":"สถาบันสารสนเทศทรัพยากรน้ำ (องค์การมหาชน)","en":"Hydro – Informatics Institute (Public Organization)","jp":""},"agency_shortname":{"th":"สสน.","en":"HII","jp":""}},"basin":{"id":10,"basin_code":10,"basin_name":{"th":"ลุ่มน้ำเจ้าพระยา","en":"Chao Phraya Basin"}},"station":{"id":575566,"tele_station_name":{"en":"Wat Bangkachao Nok Gate","th":"ปตร.วัดบางกระเจ้านอก"},"tele_station_lat":13.689612,"tele_station_long":100.554886,"tele_station_oldcode":"BKC002","tele_station_type":"tele_waterlevel","left_bank":1.74,"right_bank":1.26,"min_bank":1.26,"ground_level":-1.41,"offset":null,"sub_basin_id":240,"agency_id":9,"geocode_id":250,"hydro_id":null,"qmax":null,"is_key_station":false,"warning_level_m":null,"critical_level_m":null,"critical_level_msl":null},"geocode":{"area_code":"2","area_name":{"th":"ภาคกลาง","en":"Central"},"amphoe_code":"04","amphoe_name":{"th":"พระประแดง","en":"Phra Pradaeng District"},"tumbon_code":"09","tumbon_name":{"th":"บางกระเจ้า","en":"Bang Krachao"},"province_code":"11","province_name":{"th":"สมุทรปราการ","en":"Samut Prakan"}},"diff_wl_bank":"0.28","diff_wl_bank_text":"ล้นตลิ่ง (ม.)","river_gid":188003,"river_name":"คลองบางกะเจ้า"}
A17: THAIWATER_WL:528052 | B17: T.15 | C17: วัดบางไผ่นารถ | D17: นครปฐม | E17: แม่น้ำท่าจีน | F17: 14.05221 | G17: 100.17509 | H17: 2026-10-03T14:00:00+07:00 | I17: 2.58 | N17: ล้นตลิ่ง | O17: ปกติ | P17: 5 | R17: 82.4 | S17: ภายใน 48 ชม. | T17: FALSE | U17: 2026-10-03T15:22:23+07:00 | V17: https://api-v3.thaiwater.net/api/v1/thaiwater30/public/waterlevel_load | W17: {"id":1317575411,"waterlevel_datetime":"2026-10-03 14:00","waterlevel_m":null,"waterlevel_msl":"2.58","waterlevel_msl_previous":"2.57","flow_rate":null,"discharge":null,"storage_percent":"110.34","sort_order":null,"station_type":"tele_waterlevel","situation_level":5,"agency":{"id":12,"agency_name":{"th":"กรมชลประทาน ","en":"Royal Irrigation Department","jp":""},"agency_shortname":{"th":"ชป.","en":"RID","jp":""}},"basin":{"id":14,"basin_code":13,"basin_name":{"th":"ลุ่มน้ำท่าจีน","en":"Tha Chin Basin"}},"station":{"id":528052,"tele_station_name":{"th":"วัดบางไผ่นารถ"},"tele_station_lat":14.05221,"tele_station_long":100.175087,"tele_station_oldcode":"T.15","tele_station_type":"tele_waterlevel","left_bank":-2.582,"right_bank":-2.785,"min_bank":1.8,"ground_level":-5.74,"offset":-6,"sub_basin_id":259,"agency_id":12,"geocode_id":6897,"hydro_id":7,"qmax":null,"is_key_station":true,"warning_level_m":null,"critical_level_m":null,"critical_level_msl":null},"geocode":{"area_code":"2","area_name":{"th":"ภาคกลาง","en":"Central"},"amphoe_code":"05","amphoe_name":{"th":"บางเลน","en":"Bang Len District"},"tumbon_code":"06","tumbon_name":{"th":"บางไทรป่า","en":"Bang Sai Pa"},"province_code":"73","province_name":{"th":"นครปฐม","en":"Nakhon Pathom"}},"diff_wl_bank":"0.78","diff_wl_bank_text":"ล้นตลิ่ง (ม.)","river_gid":184977,"river_name":"แม่น้ำท่าจีน"}
A18: THAIWATER_WL:169 | B18: PRC004 | C18: ประจันตคาม (KGT7A) | D18: ปราจีนบุรี | E18: คลองอินทร์ไตร | F18: 14.070941 | G18: 101.51893 | H18: 2026-10-03T15:10:00+07:00 | I18: 7.25 | N18: ล้นตลิ่ง | O18: ปกติ | P18: 5 | R18: 12.4 | S18: ภายใน 48 ชม. | T18: FALSE | U18: 2026-10-03T15:22:23+07:00 | V18: https://api-v3.thaiwater.net/api/v1/thaiwater30/public/waterlevel_load | W18: {"id":1317594522,"waterlevel_datetime":"2026-10-03 15:10","waterlevel_m":null,"waterlevel_msl":"7.25","waterlevel_msl_previous":"7.25","flow_rate":null,"discharge":null,"storage_percent":"110.21","sort_order":null,"station_type":"tele_waterlevel","situation_level":5,"agency":{"id":9,"agency_name":{"th":"สถาบันสารสนเทศทรัพยากรน้ำ (องค์การมหาชน)","en":"Hydro – Informatics Institute (Public Organization)","jp":""},"agency_shortname":{"th":"สสน.","en":"HII","jp":""}},"basin":{"id":16,"basin_code":15,"basin_name":{"th":"ลุ่มน้ำบางปะกง","en":"Bang Pakong Basin"}},"station":{"id":169,"tele_station_name":{"en":"Prachinburi 4","th":"ประจันตคาม (KGT7A)"},"tele_station_lat":14.070941,"tele_station_long":101.51893,"tele_station_oldcode":"PRC004","tele_station_type":"tele_waterlevel","left_bank":6.8545,"right_bank":6.6625,"min_bank":6.66,"ground_level":0.91,"offset":null,"sub_basin_id":281,"agency_id":9,"geocode_id":1531,"hydro_id":null,"qmax":null,"is_key_station":false,"warning_level_m":null,"critical_level_m":null,"critical_level_msl":null},"geocode":{"area_code":"2","area_name":{"th":"ภาคกลาง","en":"Central"},"amphoe_code":"07","amphoe_name":{"th":"ประจันตคาม","en":"Prachantakham District"},"tumbon_code":"01","tumbon_name":{"th":"ประจันตคาม","en":"Prachantakham"},"province_code":"25","province_name":{"th":"ปราจีนบุรี","en":"Prachin Buri"}},"diff_wl_bank":"0.59","diff_wl_bank_text":"ล้นตลิ่ง (ม.)","river_gid":194592,"river_name":"คลองอินทร์ไตร"}
... A27: THAIWATER_WL:50 | B27: LBI001 | C27: บางปะหัน | D27: พระนครศรีอยุธยา | E27: แม่น้ำลพบุรี | F27: 14.42731 | G27: 100.55605 | H27: 2026-10-03T15:10:00+07:00 | I27: 5.33 | N27: ล้นตลิ่ง | O27: ปกติ | P27: 5 | R27: 12.4 | S27: ภายใน 48 ชม. | T27: FALSE | U27: 2026-10-03T15:22:23+07:00 | V27: https://api-v3.thaiwater.net/api/v1/thaiwater30/public/waterlevel_load | W27: {"id":1317594363,"waterlevel_datetime":"2026-10-03 15:10","waterlevel_m":null,"waterlevel_msl":"5.33","waterlevel_msl_previous":"5.34","flow_rate":null,"discharge":null,"storage_percent":"107.02","sort_order":null,"station_type":"tele_waterlevel","situation_level":5,"agency":{"id":9,"agency_name":{"th":"สถาบันสารสนเทศทรัพยากรน้ำ (องค์การมหาชน)","en":"Hydro – Informatics Institute (Public Organization)","jp":""},"agency_shortname":{"th":"สสน.","en":"HII","jp":""}},"basin":{"id":10,"basin_code":10,"basin_name":{"th":"ลุ่มน้ำเจ้าพระยา","en":"Chao Phraya Basin"}},"station":{"id":50,"tele_station_name":{"en":"Lop Buri 1","th":"บางปะหัน"},"tele_station_lat":14.42731,"tele_station_long":100.55605,"tele_station_oldcode":"LBI001","tele_station_type":"tele_waterlevel","left_bank":4.691,"right_bank":9.096,"min_bank":4.69,"ground_level":-4.415,"offset":null,"sub_basin_id":240,"agency_id":9,"geocode_id":515,"hydro_id":null,"qmax":null,"is_key_station":false,"warning_level_m":null,"critical_level_m":null,"critical_level_msl":null},"geocode":{"area_code":"2","area_name":{"th":"ภาคกลาง","en":"Central"},"amphoe_code":"07","amphoe_name":{"th":"บางปะหัน","en":"Bang Pahan District"},"tumbon_code":"14","tumbon_name":{"th":"โพธิ์สามต้น","en":"Pho Sam Ton"},"province_code":"14","province_name":{"th":"พระนครศรีอยุธยา","en":"Phra Nakhon Si Ayutthaya"}},"diff_wl_bank":"0.64","diff_wl_bank_text":"ล้นตลิ่ง (ม.)","river_gid":182038,"river_name":"แม่น้ำลพบุรี"}
A28: THAIWATER_WL:2676 | B28: T.1 | C28: ที่ว่าการอ.นครชัยศรี | D28: นครปฐม | E28: แม่น้ำท่าจีน | F28: 13.80096 | G28: 100.18803 | H28: 2026-10-03T14:00:00+07:00 | I28: 2.23 | M28: 1.6 | N28: ล้นตลิ่ง | O28: ปกติ | P28: 5 | R28: 82.4 | S28: ภายใน 48 ชม. | T28: FALSE | U28: 2026-10-03T15:22:23+07:00 | V28: https://api-v3.thaiwater.net/api/v1/thaiwater30/public/waterlevel_load | W28: {"id":1317575407,"waterlevel_datetime":"2026-10-03 14:00","waterlevel_m":null,"waterlevel_msl":"2.23","waterlevel_msl_previous":"2.20","flow_rate":null,"discharge":null,"storage_percent":"106.89","sort_order":null,"station_type":"tele_waterlevel","situation_level":5,"agency":{"id":12,"agency_name":{"th":"กรมชลประทาน ","en":"Royal Irrigation Department","jp":""},"agency_shortname":{"th":"ชป.","en":"RID","jp":""}},"basin":{"id":14,"basin_code":13,"basin_name":{"th":"ลุ่มน้ำท่าจีน","en":"Tha Chin Basin"}},"station":{"id":2676,"tele_station_name":{"th":"ที่ว่าการอ.นครชัยศรี"},"tele_station_lat":13.80096,"tele_station_long":100.188026,"tele_station_oldcode":"T.1","tele_station_type":"tele_waterlevel","left_bank":-7.585999999999999,"right_bank":-7.577999999999999,"min_bank":1.5,"ground_level":-9.1,"offset":-9.7,"sub_basin_id":259,"agency_id":12,"geocode_id":6858,"hydro_id":7,"qmax":null,"is_key_station":true,"warning_level_m":null,"critical_level_m":1.6,"critical_level_msl":1.6},"geocode":{"area_code":"2","area_name":{"th":"ภาคกลาง","en":"Central"},"amphoe_code":"03","amphoe_name":{"th":"นครชัยศรี","en":"Nakhon Chai Si District"},"tumbon_code":"01","tumbon_name":{"th":"นครชัยศรี","en":"Nakhon Chai Si"},"province_code":"73","province_name":{"th":"นครปฐม","en":"Nakhon Pathom"}},"diff_wl_bank":"0.73","diff_wl_bank_text":"ล้นตลิ่ง (ม.)","river_gid":186788,"river_name":"แม่น้ำท่าจีน"}
A29: THAIWATER_WL:2683 | B29: Kgt.1 | C29: สะพานณรงค์ดำริ | D29: ปราจีนบุรี | E29: แม่น้ำบางปะกง | F29: 14.05144 | G29: 101.36738 | H29: 2026-10-03T14:00:00+07:00 | I29: 4.83 | M29: 4.13 | N29: ล้นตลิ่ง | O29: ปกติ | P29: 5 | R29: 82.4 | S29: ภายใน 48 ชม. | T29: FALSE | U29: 2026-10-03T15:22:23+07:00 | V29: https://api-v3.thaiwater.net/api/v1/thaiwater30/public/waterlevel_load | W29: {"id":1317582857,"waterlevel_datetime":"2026-10-03 14:00","waterlevel_m":null,"waterlevel_msl":"4.83","waterlevel_msl_previous":"4.84","flow_rate":null,"discharge":null,"storage_percent":"106.85","sort_order":null,"station_type":"tele_waterlevel","situation_level":5,"agency":{"id":12,"agency_name":{"th":"กรมชลประทาน ","en":"Royal Irrigation Department","jp":""},"agency_shortname":{"th":"ชป.","en":"RID","jp":""}},"basin":{"id":16,"basin_code":15,"basin_name":{"th":"ลุ่มน้ำบางปะกง","en":"Bang Pakong Basin"}},"station":{"id":2683,"tele_station_name":{"th":"สะพานณรงค์ดำริ"},"tele_station_lat":14.05144,"tele_station_long":101.367378,"tele_station_oldcode":"Kgt.1","tele_station_type":"tele_waterlevel","left_bank":3.408,"right_bank":3.122,"min_bank":4.13,"ground_level":-6.089,"offset":0,"sub_basin_id":281,"agency_id":12,"geocode_id":1485,"hydro_id":6,"qmax":698,"is_key_station":true,"warning_level_m":null,"critical_level_m":4.13,"critical_level_msl":4.13},"geocode":{"area_code":"2","area_name":{"th":"ภาคกลาง","en":"Central"},"amphoe_code":"01","amphoe_name":{"th":"เมืองปราจีนบุรี","en":"Mueang Prachin Buri District"},"tumbon_code":"01","tumbon_name":{"th":"หน้าเมือง","en":"Na Mueang"},"province_code":"25","province_name":{"th":"ปราจีนบุรี","en":"Prachin Buri"}},"diff_wl_bank":"0.70","diff_wl_bank_text":"ล้นตลิ่ง (ม.)","river_gid":194740,"river_name":"แม่น้ำบางปะกง"}
A30: THAIWATER_WL:21 | B30: BKK017 | C30: คลองจระเข้ใหญ่ บางเสาธง (วัดศรีวารีน้อย) | D30: สมุทรปราการ | E30: คลองหัวตะเข้ | F30: 13.66949 | G30: 100.80058 | H30: 2026-09-26T02:20:00+07:00 | I30: 0.6 | N30: ล้นตลิ่ง | O30: ปกติ | P30: 5 | R30: 10862.4 | S30: ข้อมูลเก่าเกิน 48 ชม. | T30: FALSE | U30: 2026-10-03T15:22:23+07:00 | V30: https://api-v3.thaiwater.net/api/v1/thaiwater30/public/waterlevel_load | W30: {"id":1312931682,"waterlevel_datetime":"2026-09-26 02:20","waterlevel_m":null,"waterlevel_msl":"0.60","waterlevel_msl_previous":"0.59","flow_rate":null,"discharge":null,"storage_percent":"106.31","sort_order":null,"station_type":"tele_waterlevel","situation_level":5,"agency":{"id":9,"agency_name":{"th":"สถาบันสารสนเทศทรัพยากรน้ำ (องค์การมหาชน)","en":"Hydro – Informatics Institute (Public Organization)","jp":""},"agency_shortname":{"th":"สสน.","en":"HII","jp":""}},"basin":{"id":16,"basin_code":15,"basin_name":{"th":"ลุ่มน้ำบางปะกง","en":"Bang Pakong Basin"}},"station":{"id":21,"tele_station_name":{"en":"Sri Varee Noi Temple","th":"คลองจระเข้ใหญ่ บางเสาธง (วัดศรีวารีน้อย)"},"tele_station_lat":13.66949,"tele_station_long":100.80058,"tele_station_oldcode":"BKK017","tele_station_type":"tele_waterlevel","left_bank":0.432,"right_bank":0.518,"min_bank":0.43,"ground_level":-2.181,"offset":null,"sub_basin_id":286,"agency_id":9,"geocode_id":266,"hydro_id":null,"qmax":null,"is_key_station":false,"warning_level_m":null,"critical_level_m":null,"critical_level_msl":null},"geocode":{"area_code":"2","area_name":{"th":"ภาคกลาง","en":"Central"},"amphoe_code":"06","amphoe_name":{"th":"บางเสาธง","en":"Bang Sao Thong District"},"tumbon_code":"03","tumbon_name":{"th":"ศีรษะจรเข้ใหญ่","en":"Sisa Chorakhe Yai"},"province_code":"11","province_name":{"th":"สมุทรปราการ","en":"Samut Prakan"}},"diff_wl_bank":"0.16","diff_wl_bank_text":"ล้นตลิ่ง (ม.)","river_gid":197605,"river_name":"คลองหัวตะเข้"}
A31: THAIWATER_WL:115 | B31: RAY001 | C31: เมืองแกลง | D31: ระยอง | E31: แม่น้ำประแสร์ | F31: 12.802991 | G31: 101.65024 | H31: 2026-10-03T15:10:00+07:00 | I31: 4.37 | N31: ล้นตลิ่ง | O31: ปกติ | P31: 5 | R31: 12.4 | S31: ภายใน 48 ชม. | T31: FALSE | U31: 2026-10-03T15:22:23+07:00 | V31: https://api-v3.thaiwater.net/api/v1/thaiwater30/public/waterlevel_load | W31: {"id":1317594538,"waterlevel_datetime":"2026-10-03 15:10","waterlevel_m":null,"waterlevel_msl":"4.37","waterlevel_msl_previous":"4.37","flow_rate":null,"discharge":null,"storage_percent":"106.30","sort_order":null,"station_type":"tele_waterlevel","situation_level":5,"agency":{"id":9,"agency_name":{"th":"สถาบันสารสนเทศทรัพยากรน้ำ (องค์การมหาชน)","en":"Hydro – Informatics Institute (Public Organization)","jp":""},"agency_shortname":{"th":"สสน.","en":"HII","jp":""}},"basin":{"id":18,"basin_code":17,"basin_name":{"th":"ลุ่มน้ำชายฝั่งทะเลตะวันออก","en":"East Coast Gulf Basin"}},"station":{"id":115,"tele_station_name":{"en":"Mueang Klaeng","th":"เมืองแกลง"},"tele_station_lat":12.802991,"tele_station_long":101.65024,"tele_station_oldcode":"RAY001","tele_station_type":"tele_waterlevel","left_bank":3.966,"right_bank":4.375,"min_bank":3.97,"ground_level":-2.445,"offset":null,"sub_basin_id":293,"agency_id":9,"geocode_id":1207,"hydro_id":null,"qmax":null,"is_key_station":false,"warning_level_m":null,"critical_level_m":null,"critical_level_msl":null},"geocode":{"area_code":"2","area_name":{"th":"ภาคกลาง","en":"Central"},"amphoe_code":"03","amphoe_name":{"th":"แกลง","en":"Klaeng District"},"tumbon_code":"08","tumbon_name":{"th":"บ้านนา","en":"Ban Na"},"province_code":"21","province_name":{"th":"ระยอง","en":"Rayong"}},"diff_wl_bank":"0.40","diff_wl_bank_text":"ล้นตลิ่ง (ม.)","river_gid":203698,"river_name":"แม่น้ำประแสร์"}
A32: THAIWATER_WL:40 | B32: PAS008 | C32: ท่าเรือ | D32: พระนครศรีอยุธยา | E32: แม่น้ำป่าสัก | F32: 14.56014 | G32: 100.71987 | H32: 2026-10-03T15:10:00+07:00 | I32: 6.85 | N32: ล้นตลิ่ง | O32: ปกติ | P32: 5 | R32: 12.4 | S32: ภายใน 48 ชม. | T32: FALSE | U32: 2026-10-03T15:22:23+07:00 | V32: https://api-v3.thaiwater.net/api/v1/thaiwater30/public/waterlevel_load | W32: {"id":1317594501,"waterlevel_datetime":"2026-10-03 15:10","waterlevel_m":null,"waterlevel_msl":"6.85","waterlevel_msl_previous":"6.84","flow_rate":null,"discharge":null,"storage_percent":"106.25","sort_order":null,"station_type":"tele_waterlevel","situation_level":5,"agency":{"id":9,"agency_name":{"th":"สถาบันสารสนเทศทรัพยากรน้ำ (องค์การมหาชน)","en":"Hydro – Informatics Institute (Public Organization)","jp":""},"agency_shortname":{"th":"สสน.","en":"HII","jp":""}},"basin":{"id":13,"basin_code":12,"basin_name":{"th":"ลุ่มน้ำป่าสัก","en":"Pasak Basin"}},"station":{"id":40,"tele_station_name":{"en":"Pa Sak 8","th":"ท่าเรือ"},"tele_station_lat":14.56014,"tele_station_long":100.71987,"tele_station_oldcode":"PAS008","tele_station_type":"tele_waterlevel","left_bank":7.381,"right_bank":6.124,"min_bank":6.12,"ground_level":-5.446,"offset":null,"sub_basin_id":257,"agency_id":9,"geocode_id":418,"hydro_id":null,"qmax":null,"is_key_station":false,"warning_level_m":null,"critical_level_m":null,"critical_level_msl":null},"geocode":{"area_code":"2","area_name":{"th":"ภาคกลาง","en":"Central"},"amphoe_code":"02","amphoe_name":{"th":"ท่าเรือ","en":"Tha Ruea District"},"tumbon_code":"01","tumbon_name":{"th":"ท่าเรือ","en":"Tha Ruea"},"province_code":"14","province_name":{"th":"พระนครศรีอยุธยา","en":"Phra Nakhon Si Ayutthaya"}},"diff_wl_bank":"0.72","diff_wl_bank_text":"ล้นตลิ่ง (ม.)","river_gid":181108,"river_name":"แม่น้ำป่าสัก"}
A33: THAIWATER_WL:49 | B33: CPY012 | C33: บางปะอิน | D33: พระนครศรีอยุธยา | E33: แม่น้ำเจ้าพระยา | F33: 14.30455 | G33: 100.56645 | H33: 2026-10-03T15:10:00+07:00 | I33: 3.31 | N33: ล้นตลิ่ง | O33: ปกติ | P33: 5 | R33: 12.4 | S33: ภายใน 48 ชม. | T33: FALSE | U33: 2026-10-03T15:22:23+07:00 | V33: https://api-v3.thaiwater.net/api/v1/thaiwater30/public/waterlevel_load | W33: {"id":1317594286,"waterlevel_datetime":"2026-10-03 15:10","waterlevel_m":null,"waterlevel_msl":"3.31","waterlevel_msl_previous":"3.30","flow_rate":null,"discharge":null,"storage_percent":"106.16","sort_order":null,"station_type":"tele_waterlevel","situation_level":5,"agency":{"id":9,"agency_name":{"th":"สถาบันสารสนเทศทรัพยากรน้ำ (องค์การมหาชน)","en":"Hydro – Informatics Institute (Public Organization)","jp":""},"agency_shortname":{"th":"สสน.","en":"HII","jp":""}},"basin":{"id":10,"basin_code":10,"basin_name":{"th":"ลุ่มน้ำเจ้าพระยา","en":"Chao Phraya Basin"}},"station":{"id":49,"tele_station_name":{"en":"Chao Phraya 12","th":"บางปะอิน"},"tele_station_lat":14.30455,"tele_station_long":100.56645,"tele_station_oldcode":"CPY012","tele_station_type":"tele_waterlevel","left_bank":2.617,"right_bank":3.457,"min_bank":2.62,"ground_level":-8.585,"offset":null,"sub_basin_id":240,"agency_id":9,"geocode_id":500,"hydro_id":null,"qmax":null,"is_key_station":false,"warning_level_m":null,"critical_level_m":null,"critical_level_msl":null},"geocode":{"area_code":"2","area_name":{"th":"ภาคกลาง","en":"Central"},"amphoe_code":"06","amphoe_name":{"th":"บางปะอิน","en":"Bang Pa-in District"},"tumbon_code":"18","tumbon_name":{"th":"ขนอนหลวง","en":"Khanon Luang"},"province_code":"14","province_name":{"th":"พระนครศรีอยุธยา","en":"Phra Nakhon Si Ayutthaya"}},"diff_wl_bank":"0.69","diff_wl_bank_text":"ล้นตลิ่ง (ม.)","river_gid":182892,"river_name":"แม่น้ำเจ้าพระยา"}
A34: THAIWATER_WL:665 | B34: VLGE13 | C34: ชุมแสงสงคราม | D34: พิษณุโลก | E34: แม่น้ำยม | F34: 16.8586 | G34: 100.05965 | H34: 2026-10-03T15:10:00+07:00 | I34: 41.04 | N34: ล้นตลิ่ง | O34: ปกติ | P34: 5 | R34: 12.4 | S34: ภายใน 48 ชม. | T34: FALSE | U34: 2026-10-03T15:22:23+07:00 | V34: https://api-v3.thaiwater.net/api/v1/thaiwater30/public/waterlevel_load | W34: {"id":1317594681,"waterlevel_datetime":"2026-10-03 15:10","waterlevel_m":null,"waterlevel_msl":"41.04","waterlevel_msl_previous":"41.03","flow_rate":null,"discharge":null,"storage_percent":"106.12","sort_order":null,"station_type":"tele_waterlevel","situation_level":5,"agency":{"id":9,"agency_name":{"th":"สถาบันสารสนเทศทรัพยากรน้ำ (องค์การมหาชน)","en":"Hydro – Informatics Institute (Public Organization)","jp":""},"agency_shortname":{"th":"สสน.","en":"HII","jp":""}},"basin":{"id":8,"basin_code":8,"basin_name":{"th":"ลุ่มน้ำยม","en":"Yom Basin"}},"station":{"id":665,"tele_station_name":{"en":"Chum Saeng Songkhram Communuty","th":"ชุมแสงสงคราม"},"tele_station_lat":16.8586,"tele_station_long":100.05965,"tele_station_oldcode":"VLGE13","tele_station_type":"tele_waterlevel","left_bank":40.536,"right_bank":43.361,"min_bank":40.54,"ground_level":32.365,"offset":null,"sub_basin_id":213,"agency_id":9,"geocode_id":6180,"hydro_id":null,"qmax":null,"is_key_station":false,"warning_level_m":null,"critical_level_m":null,"critical_level_msl":null},"geocode":{"area_code":"3","area_name":{"th":"ภาคเหนือ","en":"North"},"amphoe_code":"04","amphoe_name":{"th":"บางระกำ","en":"Bang Rakam District"},"tumbon_code":"07","tumbon_name":{"th":"ชุมแสงสงคราม","en":"Chum Saeng Songkhram"},"province_code":"65","province_name":{"th":"พิษณุโลก","en":"Phitsanulok"}},"diff_wl_bank":"0.50","diff_wl_bank_text":"ล้นตลิ่ง (ม.)","river_gid":91331,"river_name":"แม่น้ำยม"}
